Unnamed: 0,Unnamed: 1,Unnamed: 2,Unnamed: 3,Unnamed: 4,Unnamed: 5,Unnamed: 6,Unnamed: 7,Unnamed: 8,Unnamed: 9,Unnamed: 10,Unnamed: 11,Unnamed: 12,Unnamed: 13,Unnamed: 14,Unnamed: 15,Unnamed: 16,Unnamed: 17,Unnamed: 18,Unnamed: 19,Unnamed: 20,Unnamed: 21,Unnamed: 22,Unnamed: 23,Unnamed: 24,Unnamed: 25,Unnamed: 26,Unnamed: 27,Unnamed: 28,Unnamed: 29,Unnamed: 30,Unnamed: 31,Unnamed: 32,Unnamed: 33,Unnamed: 34
Cod. Composicao,Descricao Completa,Unid. Comp,Prod. Equipe,Perc. Ferramenta,Cod. Insumo,código,Qtde Equip.,Indice,Indice Improdutivo,DMT (Transp),Consumo (Transp),Unid. Insumo,Desc. Insumo,NOTE,,,,,,,,,,,,,,,,,,,,
,,,,,,,,,,,,,,,,,,,,,,,,,,,,,,,,,,
CB0001,25.6 BARRA DE ACO CA-50,KG,1,,XXXX,,,1.05,,,,,ACERO CORTADO E DOBLADO PER PANTALLAS IN SITE C-50,doca seca - SOLO OPERAZIONI DI SCARICO POSA NEL COSTO DEL DIAFRAMMA,,,,,,,,,,,,,,,,,,,,
,,,,,CA0008,,,0.0010152,,,,,CUADRILLA ACERO 2 Turno por dia,,,,,,,,,,,,,,,,,,,,,
,,,,,XXXX,IE5068,,8.46e-05,1.6919999999999994e-05,,,,GRU CINGOLATA 50 TON,,,,,,,,,,,,,,,,,,,,,
,,,,,XXXX,IH1021,,0.00010151999999999999,,,,,OPERADOR DE EQUIP. PESADO 2 turno por dia,,,,,,,,,,,,,,,,,,,,,
,,,,,CA0051,IE5077,,1.5e-05,1.5e-05,,,HR,ILLUMINAZIONE,,,,,,,,,,,,,,,,,,,,,
CB0002,5.13 BARRA DE ACO CA-50,KG,,,XXXX,,,0.525,,,,,ACERO CORTADO E DOBLADO PER PANTALLAS IN SITE C-50,rampe di accesso paratie,,,,% PARATIE,% CLS NORMALE,,,,,,,,,,,,,,,
,,,,,CA0008,,,0.0005076,,,,,CUADRILLA ACERO 2 Turno por dia,,,,,0.5,0.5,,,,,,,,,,,,,,,
,,,,,XXXX,IE5068,,4.23e-05,8.459999999999997e-06,,,,GRU CINGOLATA 50 TON,,,,,,,,,,,,,,,,,,,,,
,,,,,XXXX,IH1021,,5.0759999999999995e-05,,,,,OPERADOR DE EQUIP. PESADO 2 turno por dia,,,,,,,,,,,,,,,,,,,,,
,,,,,CA0051,IE5077,,1.5e-05,1.5e-05,,,HR,ILLUMINAZIONE,,,,,,,,,,,,,,,,,,,,,
,,,,,XXXX,,,0.525,,,,,ACERO CORTADO E DOBLADO IN SITE C-50,acciao per calcerstruzzi normali,,,,,,,,,,,,,,,,,,,,
,,,,,CA0008,,,0.05,,,,,CUADRILLA ACERO 2 Turno por dia,,,,,,,,,,,,,,,,,,,,,
,,,,,XXXX,IE5010,,0.0002296,0.0047704,,,,Grua da 35 Ton,,,,,,,,,,,,,,,,,,,,,
,,,,,XXXX,IH1021,,0.005,,,,,OPERADOR DE EQUIP. PESADO 2 turno por dia,,,,,,,,,,,,,,,,,,,,,
,,,,,XXXX,IE5076,,8.5e-05,0.002415,,,,Camion con baja da 40 ton,,,,,,,,,,,,,,,,,,,,,
,,,,,XXXX,IH1021,,0.0025,,,,,OPERADOR DE EQUIP. PESADO 2 turno por dia,Considero che il camion al 50 % perché farà altri lavori,,,,,,,,,,,,,,,,,,,,
,,,,,XXXX,IE5049,,0.000155,0.004845,,,,Saldadora diesel 550 AMP,,,,,,,,,,,,,,,,,,,,,
,,,,,CA0051,IE5077,,1.5e-05,1.5e-05,,,HR,ILLUMINAZIONE,,,,,,,,,,,,,,,,,,,,,
CB0003,6.11 BARRA DE ACO CA - 50,KG,,,XXXX,,,1.05,,,,,ACERO CORTADO E DOBLADO PER PANTALLAS IN SITE C-50,,,,,,,,,,,,,,,,,,,,,
,,,,,CA0008,,,0.1,,,,,CUADRILLA ACERO 2 Turno por dia,,,,,,,,,,,,,,,,,,,,,
,,,,,XXXX,IE5010,,0.0004592,0.0095408,,,,Grua da 35 Ton,,,,,,,,,,,,,,,,,,,,,
,,,,,XXXX,IH1021,,0.01,,,,,OPERADOR DE EQUIP. PESADO 2 turno por dia,,,,,,,,,,,,,,,,,,,,,
,,,,,XXXX,IE5076,,0.00017,0.00483,,,,Camion con baja da 40 ton,,,,,,,,,,,,,,,,,,,,,
,,,,,XXXX,IH1021,,0.005,,,,,OPERADOR DE EQUIP. PESADO 2 turno por dia,Considero che il camion al 50 % perché farà altri lavori,,,,,,,,,,,,,,,,,,,,
,,,,,XXXX,IE5049,,0.00031,0.00969,,,,Saldadora diesel 550 AMP,,,,,,,,,,,,,,,,,,,,,
,,,,,CA0051,IE5077,,1.5e-05,1.5e-05,,,HR,ILLUMINAZIONE,,,,,,,,,,,,,,,,,,,,,
CB0004,25.7 BARRA DE ACO CA - 60,KG,,,XXXX,,,1.05,,,,,ACERO CORTADO E DOBLADO IN SITE C-60,,,,,,,,,,,,,,,,,,,,,
,,,,,CA0010,,,0.1,,,,,CUADRILLA VARIOS 2 Turno por dia,,,,,,,,,,,,,,,,,,,,,
,,,,,XXXX,IE5010,,0.0004592,0.0095408,,,,Grua da 35 Ton,,,,,,,,,,,,,,,,,,,,,
,,,,,XXXX,IH1021,,0.01,,,,,OPERADOR DE EQUIP. PESADO 2 turno por dia,,,,,,,,,,,,,,,,,,,,,
,,,,,XXXX,IE5076,,0.00017,0.00483,,,,Camion con baja da 40 ton,,,,,,,,,,,,,,,,,,,,,
,,,,,XXXX,IH1021,,0.005,,,,,OPERADOR DE EQUIP. PESADO 2 turno por dia,Considero che il camion al 50 % perché farà altri lavori,,,,,,,,,,,,,,,,,,,,
,,,,,XXXX,IE5049,,0.00031,0.00969,,,,Saldadora diesel 550 AMP,,,,,,,,,,,,,,,,,,,,,
,,,,,CA0051,IE5077,,1.5e-05,1.5e-05,,,HR,ILLUMINAZIONE,,,,,,,,,,,,,,,,,,,,,
CB0005,6.12 BARRA DE ACO CA - 60,KG,,,XXXX,,,1.05,,,,,ACERO CORTADO E DOBLADO IN SITE C-60,,,,,,,,,,,,,,,,,,,,,
,,,,,CA0008,,,0.1,,,,,CUADRILLA ACERO 2 Turno por dia,,,,,,,,,,,,,,,,,,,,,
,,,,,XXXX,IE5010,,0.0004592,0.0095408,,,,Grua da 35 Ton,,,,,,,,,,,,,,,,,,,,,
,,,,,XXXX,IH1021,,0.01,,,,,OPERADOR DE EQUIP. PESADO 2 turno por dia,,,,,,,,,,,,,,,,,,,,,
,,,,,XXXX,IE5076,,0.00017,0.00483,,,,Camion con baja da 40 ton,Considero che il camion al 50 % perché farà altri lavori,,,,,,,,,,,,,,,,,,,,
,,,,,XXXX,IH0313,,0.005,,,,,OPERADOR DE EQUIP. PESADO,,,,,,,,,,,,,,,,,,,,,
,,,,,XXXX,IE5049,,0.00031,0.00969,,,,Saldadora diesel 550 AMP,,,,,,,,,,,,,,,,,,,,,
,,,,,CA0051,IE5077,,1.5e-05,1.5e-05,,,HR,ILLUMINAZIONE,,,,,,,,,,,,,,,,,,,,,
CB0006,6.10 BARRA DE ACO CA - 25,KG,,,XXXX,,,1.05,,,,,ACERO CORTADO E DOBLADO IN SITE C-25,,,,,,,,,,,,,,,,,,,,,
,,,,,CA0008,,,0.1,,,,,CUADRILLA ACERO 2 Turno por dia,,,,,,,,,,,,,,,,,,,,,
,,,,,XXXX,IE5010,,0.0004592,0.0095408,,,,Grua da 35 Ton,,,,,,,,,,,,,,,,,,,,,
,,,,,XXXX,IH1021,,0.01,,,,,OPERADOR DE EQUIP. PESADO 2 turno por dia,,,,,,,,,,,,,,,,,,,,,
,,,,,XXXX,IE5076,,0.00017,0.00483,,,,Camion con baja da 40 ton,,,,,,,,,,,,,,,,,,,,,
,,,,,XXXX,IH1021,,0.005,,,,,OPERADOR DE EQUIP. PESADO 2 turno por dia,Considero che il camion al 50 % perché farà altri lavori,,,,,,,,,,,,,,,,,,,,
,,,,,XXXX,IE5049,,0.00031,0.00969,,,,Saldadora diesel 550 AMP,,,,,,,,,,,,,,,,,,,,,
,,,,,CA0051,IE5077,,1.5e-05,1.5e-05,,,HR,ILLUMINAZIONE,,,,,,,,,,,,,,,,,,,,,
CB0007,6.23 CONCRETO fck 35 Mpa,MC,,,CA0468,,,1.05,,,,,CONCRETO fck 35 Mpa,IL POMPAGGIO DEL CLS è PAGATO A PARTE,,,,,,,,,,,,,,,,,,,,
,,,,,CA0509,IE5001,,1.05,,,,,CENTRAL DOSADORA DE CONCRETO,,,,,,,,,,,,,,,,,,,,,
,,,,,CA0004,,,2.1,,,,,CUADRILLA CONCRETO 2 Turno por dia,,,,,,,,,,,,,,,,,,,,,
,,,,IE0427,XXXXX,IE5008,,0.15,0.03749999999999998,,,,HORMIGONERA 8 MC,,,,,,,,,,,,,,,,,,,,,
,,,,,XXXX,IH1021,,0.18749999999999997,,,,,OPERADOR DE EQUIP. PESADO 2 turno por dia,,,,,,,,,,,,,,,,,,,,,
,,,,,XXXX,IE0306,,0.126,0.5040000000000001,,,,VIBRADOR PER CONCRETO 75 MM AD AIRE,,,,,,,,,,,,,,,,,,,,,
,,,,,XXXX,IE0202,,0.042,0.168,,,,COMPRESOR DIESEL 11 MC/MIN,,,,,,,,,,,,,,,,,,,,,
,,,,,CA0052,IM1070,,0.4,,,,,AQUA,,,,,,,,,,,,,,,,,,,,,
,,,,,XXXX,IE0406,,0.033,0.07200000000000001,,,,CAMION PARA AQUA 18000 LIT,Considero che il camion al 50 % perché farà altri lavori,,,,,,,,,,,,,,,,,,,,
,,,,,XXXX,IH1021,,0.10500000000000001,,,,,OPERADOR DE EQUIP. PESADO 2 turno por dia,,,,,,,,,,,,,,,,,,,,,
,,,,,XXXX,IE0202,,0.0167,0.19330000000000003,,,,COMPRESOR DIESEL 11 MC/MIN,,,,,,,,,,,,,,,,,,,,,
,,,,,CA0051,IE5077,,0.0047,0.0047,,,HR,ILLUMINAZIONE,,,,,,,,,,,,,,,,,,,,,
CB0008,5.15 CONCRETO fck 15 Mpa,MC,,,CA0464,,,1.08,,,,,CONCRETO fck 15 Mpa,,,,,,,,,,,,,,,,,,,,,
,,,,,CA0509,IE5001,,1.08,,,,,CENTRAL DOSADORA DE CONCRETO,,,,,,,,,,,,,,,,,,,,,
,,,,,CA0004,,,0.9,,,,,CUADRILLA CONCRETO 2 Turno por dia,,,,,,,,,,,,,,,,,,,,,
,,,,IE0427,XXXX,IE5008,,0.15,0.03749999999999998,,,,HORMIGONERA 8 MC,,,,,,,,,,,,,,,,,,,,,
,,,,,XXXX,IH1021,,0.18749999999999997,,,,,OPERADOR DE EQUIP. PESADO 2 turno por dia,,,,,,,,,,,,,,,,,,,,,
,,,,,XXXX,IE0306,,0.054,0.21600000000000003,,,,VIBRADOR PER CONCRETO 75 MM AD AIRE,,,,,,,,,,,,,,,,,,,,,
,,,,,XXXX,IE0202,,0.018,0.072,,,,COMPRESOR DIESEL 11 MC/MIN,,,,,,,,,,,,,,,,,,,,,
,,,,,CA0052,IM1070,,0.1,,,,,AQUA,,,,,,,,,,,,,,,,,,,,,
,,,,,XXXX,IE0406,,0.0083,0.036699999999999997,,,,CAMION PARA AQUA 18000 LIT,Considero che il camion al 50 % perché farà altri lavori,,,,,,,,,,,,,,,,,,,,
,,,,,XXXX,IH1021,,0.045,,,,,OPERADOR DE EQUIP. PESADO 2 turno por dia,,,,,,,,,,,,,,,,,,,,,
,,,,,XXXX,IE0202,,0.0063,0.0837,,,,COMPRESOR DIESEL 11 MC/MIN,,,,,,,,,,,,,,,,,,,,,
,,,,,CA0051,IE5077,,0.0047,0.0047,,,HR,ILLUMINAZIONE,,,,,,,,,,,,,,,,,,,,,
CB0009,6.21 CONCRETO fck 30 Mpa,MC,,,CA0467,,,1.05,,,,,CONCRETO fck 30 Mpa,,,,,,,,,,,,,,,,,,,,,
,,,,,CA0509,IE5001,,1.05,,,,,CENTRAL DOSADORA DE CONCRETO,,,,,,,,,,,,,,,,,,,,,
,,,,,CA0004,,,2.25,,,,,CUADRILLA CONCRETO 2 Turno por dia,,,,,,,,,,,,,,,,,,,,,
,,,,IE0427,XXXX,IE5008,,0.15,0.03749999999999998,,,,HORMIGONERA 8 MC,,,,,,,,,,,,,,,,,,,,,
,,,,,XXXX,IH1021,,0.18749999999999997,,,,,OPERADOR DE EQUIP. PESADO 2 turno por dia,,,,,,,,,,,,,,,,,,,,,
,,,,,XXXX,IE0306,,0.135,0.54,,,,VIBRADOR PER CONCRETO 75 MM AD AIRE,,,,,,,,,,,,,,,,,,,,,
,,,,,XXXX,IE0202,,0.045000000000000005,0.18,,,,COMPRESOR DIESEL 11 MC/MIN,,,,,,,,,,,,,,,,,,,,,
,,,,,CA0052,IM1070,,0.4,,,,,AQUA,,,,,,,,,,,,,,,,,,,,,
,,,,,XXXX,IE0406,,0.0333,0.07919999999999999,,,,CAMION PARA AQUA 18000 LIT,Considero che il camion al 50 % perché farà altri lavori,,,,,,,,,,,,,,,,,,,,
,,,,,XXXX,IH1021,,0.11249999999999999,,,,,OPERADOR DE EQUIP. PESADO 2 turno por dia,,,,,,,,,,,,,,,,,,,,,
,,,,,XXXX,IE0202,,0.0167,0.2083,,,,COMPRESOR DIESEL 11 MC/MIN,,,,,,,,,,,,,,,,,,,,,
,,,,,CA0051,IE5077,,0.0047,0.0047,,,HR,ILLUMINAZIONE,,,,,,,,,,,,,,,,,,,,,
CB0010,6.19 CONCRETO fck 10 Mpa,MC,,,CA0463,,,1.05,,,,,CONCRETO fck 10 Mpa,,,,,,,,,,,,,,,,,,,,,
,,,,,CA0509,IE5001,,1.05,,,,,CENTRAL DOSADORA DE CONCRETO,,,,,,,,,,,,,,,,,,,,,
,,,,IE0427,XXXX,IE5008,,0.15,0.03749999999999998,,,,HORMIGONERA 8 MC,,,,,,,,,,,,,,,,,,,,,
,,,,,XXXX,IH1021,,0.18749999999999997,,,,,OPERADOR DE EQUIP. PESADO 2 turno por dia,,,,,,,,,,,,,,,,,,,,,
,,,,,CA0004,,,0.9,,,,,CUADRILLA CONCRETO 2 Turno por dia,,,,,,,,,,,,,,,,,,,,,
,,,,,CA0052,IM1070,,0.1,,,,,AQUA,,,,,,,,,,,,,,,,,,,,,
,,,,,XXXX,IE0406,,0.0083,0.036699999999999997,,,,CAMION PARA AQUA 18000 LIT,Considero che il camion al 50 % perché farà altri lavori,,,,,,,,,,,,,,,,,,,,
,,,,,XXXX,IH1021,,0.045,,,,,OPERADOR DE EQUIP. PESADO 2 turno por dia,,,,,,,,,,,,,,,,,,,,,
,,,,,XXXX,IE0202,,0.0063,,,,,COMPRESOR DIESEL 11 MC/MIN,,,,,,,,,,,,,,,,,,,,,
,,,,,CA0051,IE5077,,0.0047,0.0047,,,HR,ILLUMINAZIONE,,,,,,,,,,,,,,,,,,,,,
CB0011,5.17 CONCRETO fck 35 Mpa,MC,,,CA0468,,,1.22,,,,,CONCRETO fck 35 MPa,Calcestruzzo per le paratie,,,,,,,,,,,,,,,,,,,,
,,,,,CA0509,IE5001,,1.22,,,,,CENTRAL DOSADORA DE CONCRETO,,,,,,,,,,,,,,,,,,,,,
,,,,IE0427,XXXX,IE5008,,0.15,0.03749999999999998,,,,HORMIGONERA 8 MC,,,,,,,,,,,,,,,,,,,,,
,,,,,XXXX,IH1021,,0.18749999999999997,,,,,OPERADOR DE EQUIP. PESADO 2 turno por dia,,,,,,,,,,,,,,,,,,,,,
,,,,,CA0004,,,0.00625,,,,,CUADRILLA CONCRETO 2 Turno por dia,"solo fornitura, la posa è pagata nella paratia",,,,,,,,,,,,,,,,,,,,
CB0012,25.11 CONCRETO fck 35 Mpa,MC,,,CA0468,,,1.22,,,,,CONCRETO fck 35 ,Calcestruzzo per le paratie,,,,,,,,,,,,,,,,,,,,
,,,,,CA0509,IE5001,,1.22,,,,,CENTRAL DOSADORA DE CONCRETO,,,,,,,,,,,,,,,,,,,,,
,,,,IE0427,XXXX,IE5008,,0.15,0.03749999999999998,,,,HORMIGONERA 8 MC,,,,,,,,,,,,,,,,,,,,,
,,,,,XXXX,IH1021,,0.18749999999999997,,,,,OPERADOR DE EQUIP. PESADO 2 turno por dia,,,,,,,,,,,,,,,,,,,,,
,,,,,CA0004,IE5077,,0.0047,0.0047,,,HR,ILLUMINAZIONE,"solo fornitura, la posa è pagata nella paratia",,,,,,,,,,,,,,,,,,,,
CB0013,5.16 CONCRETO fck 30 Mpa,MC,,,CA00467,,,1.05,,,,,CONCRETO fck 30 MPa,,,,,,,,,,,,,,,,,,,,,
,,,,,CA0509,IE5001,,1.05,,,,,CENTRAL DOSADORA DE CONCRETO,,,,,,,,,,,,,,,,,,,,,
,,,,IE0427,XXXX,IE5008,,0.15,0.03749999999999998,,,,HORMIGONERA 8 MC,,,,,,,,,,,,,,,,,,,,,
,,,,,XXXX,IH1021,,0.18749999999999997,,,,,OPERADOR DE EQUIP. PESADO 2 turno por dia,,,,,,,,,,,,,,,,,,,,,
,,,,,CA0004,,,2.1,,,,,CUADRILLA CONCRETO 2 Turno por dia,,,,,,,,,,,,,,,,,,,,,
,,,,,XXXX,IE0306,,0.126,0.5040000000000001,,,,VIBRADOR PER CONCRETO 75 MM AD AIRE,,,,,,,,,,,,,,,,,,,,,
,,,,,XXXX,IE0202,,0.042,0.168,,,,COMPRESOR DIESEL 11 MC/MIN,,,,,,,,,,,,,,,,,,,,,
,,,,,CA0052,IM1070,,0.4,,,,,AQUA,,,,,,,,,,,,,,,,,,,,,
,,,,,XXXX,IE0406,,0.0333,0.07170000000000001,,,,CAMION PARA AQUA 18000 LIT,Considero che il camion al 50 % perché farà altri lavori,,,,,,,,,,,,,,,,,,,,
,,,,,XXXX,IH1021,,0.10500000000000001,,,,,OPERADOR DE EQUIP. PESADO 2 turno por dia,,,,,,,,,,,,,,,,,,,,,
,,,,,XXXX,IE0202,,0.0167,0.19330000000000003,,,,COMPRESOR DIESEL 11 MC/MIN,,,,,,,,,,,,,,,,,,,,,
,,,,,CA0051,IE5077,,0.0047,0.0047,,,HR,ILLUMINAZIONE,,,,,,,,,,,,,,,,,,,,,
CB0014,25.13 CONCRETO fck 40 Mpa,MC,,,CA0469,,,1.05,,,,,CONCRETO fck 40 MPa,,,,,,,,,,,,,,,,,,,,,
,,,,,CA0509,IE5001,,1.05,,,,,CENTRAL DOSADORA DE CONCRETO,,,,,,,,,,,,,,,,,,,,,
,,,,IE0427,XXXX,IE5008,,0.15,0.03749999999999998,,,,HORMIGONERA 8 MC,,,,,,,,,,,,,,,,,,,,,
,,,,,XXXX,IH1021,,0.18749999999999997,,,,,OPERADOR DE EQUIP. PESADO 2 turno por dia,,,,,,,,,,,,,,,,,,,,,
,,,,,CA0004,,,3,,,,,CUADRILLA CONCRETO 2 Turno por dia,,,,,,,,,,,,,,,,,,,,,
,,,,,XXXX,IE0306,,0.18,0.72,,,,VIBRADOR PER CONCRETO 75 MM AD AIRE,,,,,,,,,,,,,,,,,,,,,
,,,,,XXXX,IE0202,,0.06,0.24,,,,COMPRESOR DIESEL 11 MC/MIN,,,,,,,,,,,,,,,,,,,,,
,,,,,CA0052,IM1070,,0.4,,,,,AQUA,,,,,,,,,,,,,,,,,,,,,
,,,,,XXXX,IE0406,,0.0333,0.1167,,,,CAMION PARA AQUA 18000 LIT,Considero che il camion al 50 % perché farà altri lavori,,,,,,,,,,,,,,,,,,,,
,,,,,XXXX,IH1021,,0.15,,,,,OPERADOR DE EQUIP. PESADO 2 turno por dia,,,,,,,,,,,,,,,,,,,,,
,,,,,XXXX,IE0202,,0.0167,0.2833,,,,COMPRESOR DIESEL 11 MC/MIN,,,,,,,,,,,,,,,,,,,,,
,,,,,CA0051,IE5077,,0.0047,0.0047,,,HR,ILLUMINAZIONE,,,,,,,,,,,,,,,,,,,,,
CB0015,6.20 CONCRETO fck 25 Mpa,MC,,,CA0466,,,1.05,,,,,CONCRETO fck 25 Mpa,,,,,,,,,,,,,,,,,,,,,
,,,,,CA0509,IE5001,,1.05,,,,,CENTRAL DOSADORA DE CONCRETO,,,,,,,,,,,,,,,,,,,,,
,,,,IE0427,XXXX,IE5008,,0.15,0.03749999999999998,,,,HORMIGONERA 8 MC,,,,,,,,,,,,,,,,,,,,,
,,,,,XXXX,IH1021,,0.18749999999999997,,,,,OPERADOR DE EQUIP. PESADO 2 turno por dia,,,,,,,,,,,,,,,,,,,,,
,,,,,CA0004,,,1.8,,,,,CUADRILLA CONCRETO 2 Turno por dia,,,,,,,,,,,,,,,,,,,,,
,,,,,XXXX,IE0306,,0.108,0.43200000000000005,,,,VIBRADOR PER CONCRETO 75 MM AD AIRE,,,,,,,,,,,,,,,,,,,,,
,,,,,XXXX,IE0202,,0.036,0.144,,,,COMPRESOR DIESEL 11 MC/MIN,,,,,,,,,,,,,,,,,,,,,
,,,,,CA0052,IM1070,,0.1,,,,,AQUA,,,,,,,,,,,,,,,,,,,,,
,,,,,XXXX,IE0406,,0.0083,0.0817,,,,CAMION PARA AQUA 18000 LIT,,,,,,,,,,,,,,,,,,,,,
,,,,,XXXX,IH1021,,0.09,,,,,OPERADOR DE EQUIP. PESADO 2 turno por dia,Considero che il camion al 50 % perché farà altri lavori,,,,,,,,,,,,,,,,,,,,
,,,,,XXXX,IE0202,,0.0063,0.1737,,,,COMPRESOR DIESEL 11 MC/MIN,,,,,,,,,,,,,,,,,,,,,
,,,,,CA0051,IE5077,,0.0047,0.0047,,,MS,ILLUMINAZIONE,,,,,,,,,,,,,,,,,,,,,
CB0016,5.18 BOMBEAMENTO CONCRETO QUALUNQUER RESISTENCIA,MC,,,XXXX,,,0.0623,0.015574999999999999,,,,BOMBA CONCRETO SU CAMION 87 MC/HR,,,,,,,,,,,,,,,,,,,,,
,,,,,XXXX,IH1021,,0.077875,,,,,OPERADOR DE EQUIP. PESADO 2 turno por dia,,,,,,,,,,,,,,,,,,,,,
,,,,,XXXX,IH1018,,0.15575,,,,,MAESTRO 1°,,,,,,,,,,,,,,,,,,,,,
CB0017,25.12 BOMBEAMENTO CONCRETO QUALUNQUER RESISTENCIA,MC,,,XXXX,,,0.0623,0.015574999999999999,,,,BOMBA CONCRETO SU CAMION 87 MC/HR,,,,,,,,,,,,,,,,,,,,,
,,,,,XXXX,IH1021,,0.077875,,,,,OPERADOR DE EQUIP. PESADO 2 turno por dia,,,,,,,,,,,,,,,,,,,,,
,,,,,XXXX,IH1018,,0.15575,,,,,MAESTRO 1°,,,,,,,,,,,,,,,,,,,,,
CB0018,6.22 BOMBEAMENTO CONCRETO QUALUNQUER RESISTENCIA,MC,,,XXXX,,,0.0623,0.015574999999999999,,,,BOMBA CONCRETO SU CAMION 87 MC/HR,,,,,,,,,,,,,,,,,,,,,
,,,,,XXXX,IH1021,,0.077875,,,,,OPERADOR DE EQUIP. PESADO 2 turno por dia,,,,,,,,,,,,,,,,,,,,,
,,,,,XXXX,IH1018,,0.15575,,,,,MAESTRO 1°,2 persone al seguito,,,,,,,,,,,,,,,,,,,,
,,,,,XXXXX,,,0.15575,,,,,AYUDANTE,2 persone al seguito,,,,,,,,,,,,,,,,,,,,
CB0019,24.14 CONCRETO SUBMERSO,MC,,,CA0490,,,1.1,,,,,CONCRETO fck 40 Mpa,,,,,,,,,,,,,,,,,,,,,
,,,,,CA0509,IE5001,,1.1,,,,,CENTRAL DOSADORA DE CONCRETO,,,,,,,,,,,,,,,,,,,,,
,,,,,XXXX,IE5008,,0.2,0.08571428571428572,,,,HORMIGONERA 8 MC,3 betoniere,,,,,,,,,,,,,,,,,,,,
,,,,,XXXX,IH1021,,0.2857142857142857,,,,,OPERADOR DE EQUIP. PESADO 2 turno por dia,,,,,,,,,,,,,,,,,,,,,
,,,,,CA0004,,,0.9523809523809523,,,,,CUADRILLA CONCRETO 2 Turno por dia,10 persone,,,,,,,,,,,,,,,,,,,,
,,,,,XXXX,,,0.06666666666666667,0.02857142857142857,,,,BOMBA CONCRETO SU CAMION 87 MC/HR,15 mc / hr x 7 hr = 105 mc turno,,,,,,,,,,,,,,,,,,,,
,,,,,XXXX,IH1021,,0.09523809523809523,,,,,OPERADOR DE EQUIP. PESADO 2 turno por dia,,,,,,,,,,,,,,,,,,,,,
,,,,,XXXX,IE5068,,0.06666666666666667,0.02857142857142857,,,,GRU CINGOLATA 50 TON,15 mc / hr x 7 hr = 105 mc turno,,,3 hr fermo,,,,,,,,,,,,,,,,,
,,,,,XXXX,IH1021,,0.09523809523809523,,,,,OPERADOR DE EQUIP. PESADO 2 turno por dia,,,,,,,,,,,,,,,,,,,,,
,,,,,CA0051,IE5077,,0.047619047619047616,0.047619047619047616,,,HR,ILLUMINAZIONE,,,,,,,,,,,,,,,,,,,,,
CB0020,6.7 FORMA PLANA PARA CONCRETO COMUNE,MQ,,,CA0006,,,2.4,,,,,CUADRILLA FORMALETA 2 Turno por dia,,,,,,,,,,,,,,,,,,,,,
,,,,,XXXX,,,1,,,,,FORMA PLANA 01,COSTO 14 Euro / mq,,,,,,,,,,,,,,,,,,,,
,,,,,XXXX,IM0621,,0.025,,,,,DISARMANTE,,,,,,,,,,,,,,,,,,,,,
,,,,,XXXX,IE5026,,0.01,0.004285714285714287,,,,CAMION PLATAFORMA CON GRUA 5 TON,,,,,,,,,,,,,,,,,,,,,
,,,,,XXXX,IH1021,,0.014285714285714287,,,,,OPERADOR DE EQUIP. PESADO 2 turno por dia,,,,,,,,,,,,,,,,,,,,,
,,,,,XXXX,IE5068,,0.0275,0.018333333333333337,,,,Autogru da 50 T,,,,,,,,,,,,,,,,,,,,,
,,,,,XXXX,IH1021,,0.04583333333333334,,,,,OPERADOR DE EQUIP. PESADO 2 turno por dia,,,,,,,,,,,,,,,,,,,,,
,,,,,CA0052,IM1070,,0.02,,,,,AQUA,,,,,,,,,,,,,,,,,,,,,
,,,,,XXXXX,IE0406,,0.0017,0.0007285714285714285,,,,CAMION PARA AQUA 18000 LIT,,,,,,,,,,,,,,,,,,,,,
,,,,,XXXXX,IH1021,,0.0024285714285714284,,,,,OPERADOR DE EQUIP. PESADO 2 turno por dia,,,,,,,,,,,,,,,,,,,,,
,,,,,XXXX,IE0202,,0.0028,,,,,COMPRESOR DIESEL 11 MC/MIN,,,,,,,,,,,,,,,,,,,,,
,,,,,XXXX,,,0.25,,,,,ACERO CORTADO E DOBLADO ,,,,,,,,,,,,,,,,,,,,,
,,,,,xxxx,IM1924,,0.001,,,,,MADERA COMUN,,,,,,,,,,,,,,,,,,,,,
,,,,,CA0051,IE5077,,,,,,,ILLUMINAZIONE,,,,,,,,,,,,,,,,,,,,,
,,,,,XXXX,IE5049,,,,,,,Saldadora diesel 550 AMP,,,,,,,,,,,,,,,,,,,,,
,,,,,CA0015,,,1,,,,,M / S Formaleta,,,,,,,,,,,,,,,,,,,,,
,,,,,CA0016,,,1,,,,,CURING,,,,,,,,,,,,,,,,,,,,,
CB0021,5.11 FORMA PLANA PARA CONCRETO COMUNE,MQ,,,CA0006,,,2.4,,,,,CUADRILLA FORMALETA 2 Turno por dia,,,,,,,,,,,,,,,,,,,,,
,,,,,XXXX,,,1,,,,,FORMA PLANA 01,COSTO 14 Euro / mq,,,,,,,,,,,,,,,,,,,,
,,,,,XXXX,IM0621,,0.025,,,,,DISARMANTE,,,,,,,,,,,,,,,,,,,,,
,,,,,XXXX,IE5026,,0.01,0.004285714285714287,,,,CAMION PLATAFORMA CON GRUA 5 TON,,,,,,,,,,,,,,,,,,,,,
,,,,,XXXX,IH1021,,0.014285714285714287,,,,,OPERADOR DE EQUIP. PESADO 2 turno por dia,,,,,,,,,,,,,,,,,,,,,
,,,,,XXXX,IE5068,,0.0275,0.018333333333333337,,,,Autogru da 50 T,,,,,,,,,,,,,,,,,,,,,
,,,,,XXXX,IH1021,,0.04583333333333334,,,,,OPERADOR DE EQUIP. PESADO 2 turno por dia,,,,,,,,,,,,,,,,,,,,,
,,,,,CA0052,IM1070,,0.02,,,,,AQUA,,,,,,,,,,,,,,,,,,,,,
,,,,,XXXX,IE0406,,0.0017,0.0007285714285714285,,,,CAMION PARA AQUA 18000 LIT,,,,,,,,,,,,,,,,,,,,,
,,,,,XXXX,IH1021,,0.0024285714285714284,,,,,OPERADOR DE EQUIP. PESADO 2 turno por dia,,,,,,,,,,,,,,,,,,,,,
,,,,,XXXX,IE0202,,0.0028,,,,,COMPRESOR DIESEL 11 MC/MIN,,,,,,,,,,,,,,,,,,,,,
,,,,,XXXX,,,0.25,,,,,ACERO CORTADO E DOBLADO ,,,,,,,,,,,,,,,,,,,,,
,,,,,xxxx,IM1924,,0.001,,,,,MADERA COMUN,,,,,,,,,,,,,,,,,,,,,
,,,,,CA0051,IE5077,,,,,,,ILLUMINAZIONE,,,,,,,,,,,,,,,,,,,,,
,,,,,XXXX,IE5049,,,,,,,Saldadora diesel 550 AMP,,,,,,,,,,,,,,,,,,,,,
,,,,,CA0015,,,1,,,,,M / S Formaleta,,,,,,,,,,,,,,,,,,,,,
,,,,,CA0016,,,1,,,,,CURING,,,,,,,,,,,,,,,,,,,,,
CB0022,25.4 FORMA PLANA PARA CONCRETO COMUNE,MQ,,,CA0006,,,2.4,,,,,CUADRILLA FORMALETA 2 Turno por dia,,,,,,,,,,,,,,,,,,,,,
,,,,,XXXX,,,1,,,,,FORMA PLANA 01,COSTO 14 Euro / mq,,,,,,,,,,,,,,,,,,,,
,,,,,XXXX,IM0621,,0.025,,,,,DISARMANTE,,,,,,,,,,,,,,,,,,,,,
,,,,,XXXX,IE5026,,0.01,0.004285714285714287,,,,CAMION PLATAFORMA CON GRUA 5 TON,,,,,,,,,,,,,,,,,,,,,
,,,,,XXXX,IH1021,,0.014285714285714287,,,,,OPERADOR DE EQUIP. PESADO 2 turno por dia,,,,,,,,,,,,,,,,,,,,,
,,,,,XXXX,IE5068,,0.0275,0.018333333333333337,,,,Autogru da 50 T,,,,,,,,,,,,,,,,,,,,,
,,,,,XXXXX,IH1021,,0.04583333333333334,,,,,OPERADOR DE EQUIP. PESADO 2 turno por dia,,,,,,,,,,,,,,,,,,,,,
,,,,,CA0052,IM1070,,0.02,,,,,AQUA,,,,,,,,,,,,,,,,,,,,,
,,,,,XXXX,IE0406,,0.0017,0.0007285714285714285,,,,CAMION PARA AQUA 18000 LIT,,,,,,,,,,,,,,,,,,,,,
,,,,,XXXX,IH1021,,0.0024285714285714284,,,,,OPERADOR DE EQUIP. PESADO 2 turno por dia,,,,,,,,,,,,,,,,,,,,,
,,,,,XXXX,IE0202,,0.0028,,,,,COMPRESOR DIESEL 11 MC/MIN,,,,,,,,,,,,,,,,,,,,,
,,,,,XXXX,,,0.25,,,,,ACERO CORTADO E DOBLADO ,,,,,,,,,,,,,,,,,,,,,
,,,,,xxxx,IM1924,,0.001,,,,,MADERA COMUN,,,,,,,,,,,,,,,,,,,,,
,,,,,CA0051,IE5077,,,,,,,ILLUMINAZIONE,,,,,,,,,,,,,,,,,,,,,
,,,,,XXXX,IE5049,,,,,,,Saldadora diesel 550 AMP,,,,,,,,,,,,,,,,,,,,,
,,,,,CA0015,,,1,,,,,M / S Formaleta,,,,,,,,,,,,,,,,,,,,,
,,,,,CA0016,,,1,,,,,CURING,,,,,,,,,,,,,,,,,,,,,
CB0023,6.8 FORMA PLANA PARA CONCRETO APARENTE,MQ,,,CA0006,,,3.2,,,,,CUADRILLA FORMALETA 2 Turno por dia,,,,,,,,,,,,,,,,,,,,,
,,,,,XXXX,,,1,,,,,FORMA PLANA 02,"COSTO 16,8 Euro / mq",,,,,,,,,,,,,,,,,,,,
,,,,,XXXX,IM0621,,0.025,,,,,DISARMANTE,,,,,,,,,,,,,,,,,,,,,
,,,,,XXXX,IE5026,,0.01,0.004285714285714287,,,,CAMION PLATAFORMA CON GRUA 5 TON,,,,,,,,,,,,,,,,,,,,,
,,,,,XXXX,IH1021,,0.014285714285714287,,,,,OPERADOR DE EQUIP. PESADO 2 turno por dia,,,,,,,,,,,,,,,,,,,,,
,,,,,XXXX,IE5068,,0.0367,0.02446666666666667,,,,Autogru da 50 T,,,,,,,,,,,,,,,,,,,,,
,,,,,XXXX,IH1021,,0.061166666666666675,,,,,OPERADOR DE EQUIP. PESADO 2 turno por dia,,,,,,,,,,,,,,,,,,,,,
,,,,,CA0052,IM1070,,0.02,,,,,AQUA,,,,,,,,,,,,,,,,,,,,,
,,,,,XXXX,IE0406,,0.0017,0.0007285714285714285,,,,CAMION PARA AQUA 18000 LIT,,,,,,,,,,,,,,,,,,,,,
,,,,,XXXX,IH1021,,0.0024285714285714284,,,,,OPERADOR DE EQUIP. PESADO 2 turno por dia,,,,,,,,,,,,,,,,,,,,,
,,,,,XXXX,IE0202,,0.0028,,,,,COMPRESOR DIESEL 11 MC/MIN,,,,,,,,,,,,,,,,,,,,,
,,,,,XXXX,,,0.25,,,,,ACERO CORTADO E DOBLADO ,,,,,,,,,,,,,,,,,,,,,
,,,,,xxxx,IM1924,,0.001,,,,,MADERA COMUN,,,,,,,,,,,,,,,,,,,,,
,,,,,CA0051,IE5077,,,,,,,ILLUMINAZIONE,,,,,,,,,,,,,,,,,,,,,
,,,,,XXXX,IE5049,,,,,,,Saldadora diesel 550 AMP,,,,,,,,,,,,,,,,,,,,,
,,,,,CA0015,,,1,,,,,M / S Formaleta,,,,,,,,,,,,,,,,,,,,,
,,,,,CA0016,,,1,,,,,CURING,,,,,,,,,,,,,,,,,,,,,
CB0024,5.12 FORMA PLANA PARA CONCRETO PROTENDIDO OU APARENTE,MQ,,,CA0006,,,3.2,,,,,CUADRILLA FORMALETA 2 Turno por dia,,,,,,,,,,,,,,,,,,,,,
,,,,,XXXX,,,1,,,,,FORMA PLANA 02,"COSTO 16,8 Euro / mq",,,,,,,,,,,,,,,,,,,,
,,,,,XXXX,IM0621,,0.025,,,,,DISARMANTE,,,,,,,,,,,,,,,,,,,,,
,,,,,XXXX,IE5026,,0.01,0.004285714285714287,,,,CAMION PLATAFORMA CON GRUA 5 TON,,,,,,,,,,,,,,,,,,,,,
,,,,,XXXX,IH1021,,0.014285714285714287,,,,,OPERADOR DE EQUIP. PESADO 2 turno por dia,,,,,,,,,,,,,,,,,,,,,
,,,,,XXXX,IE5068,,0.0367,0.02446666666666667,,,,Autogru da 50 T,,,,,,,,,,,,,,,,,,,,,
,,,,,XXXXX,IH1021,,0.061166666666666675,,,,,OPERADOR DE EQUIP. PESADO 2 turno por dia,,,,,,,,,,,,,,,,,,,,,
,,,,,CA0052,IM1070,,0.02,,,,,AQUA,,,,,,,,,,,,,,,,,,,,,
,,,,,XXXX,IE0406,,0.0017,0.0007285714285714285,,,,CAMION PARA AQUA 18000 LIT,,,,,,,,,,,,,,,,,,,,,
,,,,,XXXX,IH1021,,0.0024285714285714284,,,,,OPERADOR DE EQUIP. PESADO 2 turno por dia,,,,,,,,,,,,,,,,,,,,,
,,,,,XXXX,IE0202,,0.0028,,,,,COMPRESOR DIESEL 11 MC/MIN,,,,,,,,,,,,,,,,,,,,,
,,,,,XXXX,,,0.25,,,,,ACERO CORTADO E DOBLADO ,,,,,,,,,,,,,,,,,,,,,
,,,,,xxxx,IM1924,,0.001,,,,,MADERA COMUN,,,,,,,,,,,,,,,,,,,,,
,,,,,CA0051,IE5077,,,,,,,ILLUMINAZIONE,,,,,,,,,,,,,,,,,,,,,
,,,,,XXXX,IE5049,,,,,,,Saldadora diesel 550 AMP,,,,,,,,,,,,,,,,,,,,,
,,,,,CA0015,,,1,,,,,M / S Formaleta,,,,,,,,,,,,,,,,,,,,,
,,,,,CA0016,,,1,,,,,CURING,,,,,,,,,,,,,,,,,,,,,
CB0025,25.5 FORMA PLANA PARA CONCRETO PROTENDIDO OU APARENTE,MQ,,,CA0006,,,3.2,,,,,CUADRILLA FORMALETA 2 Turno por dia,,,,,,,,,,,,,,,,,,,,,
,,,,,XXXX,,,1,,,,,FORMA PLANA 02,"COSTO 16,8 Euro / mq",,,,,,,,,,,,,,,,,,,,
,,,,,XXXX,IM0621,,0.025,,,,,DISARMANTE,,,,,,,,,,,,,,,,,,,,,
,,,,,XXXX,IE5026,,0.01,0.004285714285714287,,,,CAMION PLATAFORMA CON GRUA 5 TON,,,,,,,,,,,,,,,,,,,,,
,,,,,XXXX,IH1021,,0.014285714285714287,,,,,OPERADOR DE EQUIP. PESADO 2 turno por dia,,,,,,,,,,,,,,,,,,,,,
,,,,,XXXX,IE5068,,0.0367,0.02446666666666667,,,,Autogru da 50 T,,,,,,,,,,,,,,,,,,,,,
,,,,,XXXX,IH1021,,0.061166666666666675,,,,,OPERADOR DE EQUIP. PESADO 2 turno por dia,,,,,,,,,,,,,,,,,,,,,
,,,,,CA0052,IM1070,,0.02,,,,,AQUA,,,,,,,,,,,,,,,,,,,,,
,,,,,XXXX,IE0406,,0.0017,0.0007285714285714285,,,,CAMION PARA AQUA 18000 LIT,,,,,,,,,,,,,,,,,,,,,
,,,,,XXXX,IH1021,,0.0024285714285714284,,,,,OPERADOR DE EQUIP. PESADO 2 turno por dia,,,,,,,,,,,,,,,,,,,,,
,,,,,XXXX,IE0202,,0.0028,,,,,COMPRESOR DIESEL 11 MC/MIN,,,,,,,,,,,,,,,,,,,,,
,,,,,XXXX,,,0.25,,,,,ACERO CORTADO E DOBLADO ,,,,,,,,,,,,,,,,,,,,,
,,,,,xxxx,IM1924,,0.001,,,,,MADERA COMUN,,,,,,,,,,,,,,,,,,,,,
,,,,,CA0051,IE5077,,,,,,,ILLUMINAZIONE,,,,,,,,,,,,,,,,,,,,,
,,,,,XXXX,IE5049,,,,,,,Saldadora diesel 550 AMP,,,,,,,,,,,,,,,,,,,,,
,,,,,CA0015,,,1,,,,,M / S Formaleta,,,,,,,,,,,,,,,,,,,,,
"21 / 01 / 2015 ore 11,30",,,,,CA0016,,,1,,,,,CURING,,,,,,,,,,,,,,,,,,,,,
CB0026,5.10 ESCAVAÇÃO MECÂNICA PARA OBRAS SEM EXPLOSIVO,MC,,,CA0001,,,0.0404040404040404,,,,,CUADRILLA ESCAVACION 1 Turno per dia,,,,,,,,,,,,,,,,,,,,,
,,,,,XXXXX,IE0011,,0.00909090909090909,0.0010101010101010097,,,,"RETROEXCAVATOR DA 2,2 MC",,,,,,,,,,,,,,,,,,,,,
,NO,,,,XXXXX,IH0313,,0.0101010101010101,,,,,OPERADOR DE EQUIP. PESADO 1 turno por dia,,,,20 Km/hr,,,,,,,,,,,,,,,,,
,,,,,XXXXX,,,0.03196581196581196,0.005641025641025643,,,,CAMION CON VOLQUETA 25 TON,manovre,carico,partenza,viaggio,scarico,ritorno,,ineff,totale,HR,,,,,,,,,,,
,,,,,XXXXX,IH0313,,0.037606837606837605,,,,,OPERADOR DE EQUIP. PESADO 1 turno por dia,2,7.7,1,3,2,3,18.7,4.315384615384616,23.015384615384615,0.38358974358974357,,,,,,,,,,,
CB0027,25.26 CONJUNTO DE BOMBEAMENTO A VÁCUO PARA REBAIXAMENTO DE LENÇOL FREÁTICO,CJ x DIA,,,xxxxx,,,1,,,,,BOMBA,"Ipotizziamo 6 Bomne costo dia 108,75 Real   +  KW 50,4",,,,,,,,,,,,,,,,,,,,
,,,,,CA0009,,,0.5833,,,,,CUADRILLA VARIOS 1 Turno por dia,Montaggio / smontaggio,,,,,,,,,,,,,,,,,,,,
,,,,,xxxx,IE5026,,0.0625,,,,,CAMION PLATAFORMA CON GRUA 5 TON,,,,,,,,,,,,,,,,,,,,,
,,,,,xxxx,IH0313,,0.0625,,,,,OPERADOR DE EQUIP. PESADO 1 turno por dia,,,,,,,,,,,,,,,,,,,,,
,,,,,xxxx,IE5068,,0.0034,,,,,Autogru da 50 ton,,,,,,,,,,,,,,,,,,,,,
,,,,,xxxx,IH0313,,0.0034,,,,,OPERADOR DE EQUIP. PESADO 1 turno por dia,,,,,,,,,,,,,,,,,,,,,
,,,,,CA0009,,,60,,,,,CUADRILLA VARIOS 1 Turno por dia,Gestione,,,,,,,,,,,,,,,,,,,,
CB0028,5.1 COLCHÃO DE BRITA SOB A LAJE DE FUNDO INTERLIGANDO DRENOS COM 60 A 70 CM DE ESPESSURA,MC,,,CA0010,,,0.625,,,,,CUADRILLA VARIOS 2 Turno por dia,,,,,,,,,,,,,,,,,,,,,
,,,,,xxxxx,IE5068,,0.05,0.012499999999999997,,,,GRU CINGOLATA 50 TON,,,,,,,,,,,,,,,,,,,,,
,,,,,xxxxx,IH1021,,0.0625,,,,,OPERADOR DE EQUIP. PESADO 2 turno por dia,,,,,,,,,,,,,,,,,,,,,
,,,,,xxxxx,,,0.8,,,,,BRITA,,,,,,,,,,,,,,,,,,,,,
CB0029,6.37 LANÇAMENTO DE VIGA COM TRELIÇA ATÉ 120TF,NR,,,CA0010,,,16.666666666666668,,,,,CUADRILLA VARIOS 2 Turno por dia,,,,,,,,,,,,,,,,,,,,,
,,,,,xxxxx,IE5076,,0.5,1,,,,Camion con baja da 40 ton,,,,,,,,,,,,,,,,,,,,,
,,,,,xxxxx,IH1021,,1.5,,,,,OPERADOR DE EQUIP. PESADO 2 turno por dia,,,,,,,,,,,,,,,,,,,,,
,,,,,,,,0.5,,,,HR,Trelicia Lanciadora,Leasing,Costo Autogru 50 Ton  x 20 Volte,,,,,,,,,,,,,,,,,,,
,,,,,xxxxx,,,1,,,,,VIGA,Viga = 5.000 Euro = 15.000 Real,,,,,,,,,,,,,,,,,,,,
,,,,,xxxxx,IE5068,,1,0.6666666666666667,,,,Autogru da 50 ton,,,,,,,,,,,,,,,,,,,,,
,,,,,xxxxx,IH1021,,1.6666666666666667,,,,,OPERADOR DE EQUIP. PESADO 2 turno por dia,,,,,,,,,,,,,,,,,,,,,
CB0030,"5.37 FORNECIMENTO, CORTE E MONTAGEM DE PERFIL METÁLICO  2I-18"" OU H-400",KG,,,CA0008,,,0.006,,,,,CUADRILLA ACERO 2 Turno por dia,,,,,,,,,,,,,,,,,,,,,
,,,,,xxxxx,IE5076,,4e-05,2.6666666666666667e-05,,,,Camion con baja da 40 ton,,,,,,,,,,,,,,,,,,,,,
,,,,,xxxxx,IH1021,,6.666666666666667e-05,,,,,OPERADOR DE EQUIP. PESADO 2 turno por dia,,,,,,,,,,,,,,,,,,,,,
,,,,,xxxxx,,,1,,,,,"PERFIL METALICO 21-18"" OU H-400","PERFIL METALICO 0,80 Euro / KG",,,,,,,,,,,,,,,,,,,,
,,,,,xxxxx,IE5068,,0.0008,0.0005333333333333335,,,,Autogru da 50 ton,,,,,,,,,,,,,,,,,,,,,
,,,,,xxxxx,IH1021,,0.0013333333333333335,,,,,OPERADOR DE EQUIP. PESADO 2 turno por dia,,,,,,,,,,,,,,,,,,,,,
,,,,,xxxxx,IE5049,,0.2,1.8,,,,Saldadora diesel 550 AMP,,,,,,,,,,,,,,,,,,,,,
CB0031,"5.40 RETIRADA DE PERFIL METÁLICO DE ATÉ 2I-18"" OU H-400",KG,,,CA0008,,,0.0048000000000000004,,,,,CUADRILLA ACERO 2 Turno por dia,,,,,,,,,,,,,,,,,,,,,
,,,,,xxxxx,IE5076,,3.2000000000000005e-05,2.133333333333334e-05,,,,Camion con baja da 40 ton,,,,,,,,,,,,,,,,,,,,,
,,,,,xxxxx,IH1021,,5.333333333333335e-05,,,,,OPERADOR DE EQUIP. PESADO 2 turno por dia,,,,,,,,,,,,,,,,,,,,,
,,,,,xxxxx,IE5068,,0.00064,0.00042666666666666667,,,,Autogru da 50 ton,,,,,,,,,,,,,,,,,,,,,
,,,,,xxxxx,IH1021,,0.0010666666666666667,,,,,OPERADOR DE EQUIP. PESADO 2 turno por dia,,,,,,,,,,,,,,,,,,,,,
,,,,,xxxxx,IE5049,,0.16000000000000003,1.4400000000000002,,,,Saldadora diesel 550 AMP,,,,,,,,,,,,,,,,,,,,,
CB0032,"25.16 FORNECIMENTO, INSTALAÇÃO E RETIRADA DE TUBO METÁLICO EM AÇO CARBONO COM RESISTÊNCIA CARACTERISTICA SUPERIOR A 350 MPA - EXECUÇÃO DE ESTRONCAS",KG,,,CA0008,,,0.0036363636363636364,,,,,CUADRILLA ACERO 2 Turno por dia,un tubo pesa 55.000 kg e lo poso in 10 ore,,,,,,,,,,,,,,,,,,,,
,,,,,,IE5076,,5.4545454545454546e-05,1.8181818181818182e-05,,,,Camion con baja da 40 ton,,,,,,,,,,,,,,,,,,,,,
,,,,,,IH1021,,7.272727272727273e-05,,,,,OPERADOR DE EQUIP. PESADO 2 turno por dia,,,,,,,,,,,,,,,,,,,,,
,,,,,,IE5068,,0.00010909090909090908,7.272727272727273e-05,,,,Autogru da 50 ton,,,,,,,,,,,,,,,,,,,,,
,,,,,,IH1021,,0.0001818181818181818,,,,,OPERADOR DE EQUIP. PESADO 2 turno por dia,,,,,,,,,,,,,,,,,,,,,
,,,,,,IE5049,,0.00010909090909090909,0.00043636363636363637,,,,Saldadora diesel 550 AMP,,,,,,,,,,,,,,,,,,,,,
,,,,,,,,1,,,,,TUBO METALICO ø 1524 mm,,,,,,,,,,,,,,,,,,,,,
,,,,,CA0008,,,0.0025454545454545456,,,,,CUADRILLA ACERO 2 Turno por dia,Rimozione - Tubo,,,,,,,,,,,,,,,,,,,,
,,,,,,IE5076,,5.4545454545454546e-05,1.8181818181818182e-05,,,,Camion con baja da 40 ton,,,,,,,,,,,,,,,,,,,,,
,,,,,,IH1021,,7.272727272727273e-05,,,,,OPERADOR DE EQUIP. PESADO 2 turno por dia,,,,,,,,,,,,,,,,,,,,,
,,,,,,IE5068,,7.636363636363636e-05,0.00010545454545454545,,,,Autogru da 50 ton,,,,,,,,,,,,,,,,,,,,,
,,,,,,IH1021,,0.0001818181818181818,,,,,OPERADOR DE EQUIP. PESADO 2 turno por dia,,,,,,,,,,,,,,,,,,,,,
,,,,,,IE5049,,0.00010909090909090909,0.00043636363636363637,,,,Saldadora diesel 550 AMP,Posa prefabbricato,,,,,,,,,,,,,,,,,,,,
,,,,,,,,0.00028333333333333335,,,,,Galeria pre moldada de concreto,Costo Euro/ml 250,,,"1 protezione per 3 ordini di puntoni quindi 1 / (1200 kg/ml * 3) sfrido 1,02",,,,,,,,,,,,,,,,,
,,,,,CA0008,,,0.00025839793281653745,,,,,CUADRILLA ACERO 2 Turno por dia,Poso in 4 HR 40 ml,,,10 persone x 4 HR / (1200 x 3 x 43 mt ),,,,,,,,,,,,,,,,,
,,,,,,IE5076,,1.2919896640826873e-05,1.9379844961240308e-05,,,,Camion con baja da 40 ton,2 hr trasporto tutto materiale,,,1mezzo  x 2 HR / (1200 x 3 x 43 mt ),,,,,,,,,,,,,,,,,
,,,,,,IH1021,,3.229974160206718e-05,,,,,OPERADOR DE EQUIP. PESADO 2 turno por dia,,,,,,,,,,,,,,,,,,,,,
,,,,,,IE5068,,1.937984496124031e-05,6.459948320413438e-06,,,,Autogru da 50 ton,,,,1mezzo  x 3 HR / (1200 x 3 x 43 mt ),,,,,,,,,,,,,,,,,
,,,,,,IH1021,,2.583979328165375e-05,,,,,OPERADOR DE EQUIP. PESADO 2 turno por dia,,,,,,,,,,,,,,,,,,,,,
,,,,,CA0008,,,0.0001808785529715762,,,,,CUADRILLA ACERO 2 Turno por dia,Rimozione prefabbricato,,,,,,,,,,,,,,,,,,,,
,,,,,,IE5076,,7.751937984496124e-06,1.1627906976744184e-05,,,,Camion con baja da 40 ton,,,,,,,,,,,,,,,,,,,,,
,,,,,,IH1021,,1.9379844961240308e-05,,,,,OPERADOR DE EQUIP. PESADO 2 turno por dia,,,,,,,,,,,,,,,,,,,,,
,,,,,,IE5068,,1.1627906976744187e-05,3.875968992248063e-06,,,,Autogru da 50 ton,,,,,,,,,,,,,,,,,,,,,
,,,,,,IH1021,,1.550387596899225e-05,,,,,OPERADOR DE EQUIP. PESADO 2 turno por dia,,,,,,,,,,,,,,,,,,,,,
CB0033,"5.24 FORNECIMENTO, INSTALAÇÃO E RETIRADA DE TUBO METÁLICO EM AÇO CARBONO COM RESISTÊNCIA CARACTERISTICA SUPERIOR A 350 MPA - EXECUÇÃO DE ESTRONCAS",KG,,,CA0008,,,0.0036363636363636364,,,,,CUADRILLA ACERO 2 Turno por dia,un tubo pesa 55.000 kg e lo poso in 10 ore,,,,,,,,,,,,,,,,,,,,
,,,,,,IE5076,,5.4545454545454546e-05,1.8181818181818182e-05,,,,Camion con baja da 40 ton,,,,,,,,,,,,,,,,,,,,,
,,,,,,IH1021,,7.272727272727273e-05,,,,,OPERADOR DE EQUIP. PESADO 2 turno por dia,,,,,,,,,,,,,,,,,,,,,
,,,,,,IE5068,,0.00010909090909090908,7.272727272727273e-05,,,,Autogru da 50 ton,,,,,,,,,,,,,,,,,,,,,
,,,,,,IH1021,,0.0001818181818181818,,,,,OPERADOR DE EQUIP. PESADO 2 turno por dia,,,,,,,,,,,,,,,,,,,,,
,,,,,,IE5049,,0.00010909090909090909,0.00043636363636363637,,,,Saldadora diesel 550 AMP,,,,,,,,,,,,,,,,,,,,,
,,,,,,,,1,,,,,TUBO METALICO ø 1524 mm,,,,,,,,,,,,,,,,,,,,,
,,,,,CA0008,,,0.0025454545454545456,,,,,CUADRILLA ACERO 2 Turno por dia,Rimozione - Tubo,,,,,,,,,,,,,,,,,,,,
,,,,,,IE5076,,5.4545454545454546e-05,1.8181818181818182e-05,,,,Camion con baja da 40 ton,,,,,,,,,,,,,,,,,,,,,
,,,,,,IH1021,,7.272727272727273e-05,,,,,OPERADOR DE EQUIP. PESADO 2 turno por dia,,,,,,,,,,,,,,,,,,,,,
,,,,,,IE5068,,7.636363636363636e-05,0.00010545454545454545,,,,Autogru da 50 ton,,,,,,,,,,,,,,,,,,,,,
,,,,,,IH1021,,0.0001818181818181818,,,,,OPERADOR DE EQUIP. PESADO 2 turno por dia,,,,,,,,,,,,,,,,,,,,,
,,,,,,IE5049,,0.00010909090909090909,0.00043636363636363637,,,,Saldadora diesel 550 AMP,,,,,,,,,,,,,,,,,,,,,
CB0034,"25.18 FORNECIMENTO, CRAVAÇÃO E RETIRADA DE PERFIL COMBINADO EM AÇO CARBONO, PARA EXECUÇÃO DO FECHAMENTO DA DOCA SECA COM O CANAL DE NAVEGAÇÃO",,,,CA0008,,,0.006,,,,,CUADRILLA ACERO 2 Turno por dia,,,,,,,,,,,,,,,,,,,,,
,,,,,xxxx,IE5072,,0.0004,9.999999999999999e-05,,,,GRU CINGOLATA 250 TON,produzione 2500 kg / HR,,,,,,,,,,,,,,,,,,,,
,,,,,xxxx,IH1021,,0.0005,,,,,OPERADOR DE EQUIP. PESADO 2 turno por dia,,,,,,,,,,,,,,,,,,,,,
,,,,,xxxx,IE5068,,0.0002,4.9999999999999996e-05,,,,GRU CINGOLATA 50 TON,,,,,,,,,,,,,,,,,,,,,
,,,,,xxxx,IH1021,,0.00025,,,,,OPERADOR DE EQUIP. PESADO 2 turno por dia,,,,,,,,,,,,,,,,,,,,,
,,,,,xxxx,,,0.0004,9.999999999999999e-05,,,,Vibro + centralina,,,,,,,,,,,,,,,,,,,,,
,,,,,xxxx,IM0002,,0.04224,,,,,Diesel,,,,,,,,,,,,,,,,,,,,,
,,,,,xxxx,IE5076,,0.00024,5.9999999999999995e-05,,,,Camion con baja da 40 ton,,,,,,,,,,,,,,,,,,,,,
,,,,,xxxx,IH1021,,0.00030000000000000003,,,,,OPERADOR DE EQUIP. PESADO 2 turno por dia,,,,,,,,,,,,,,,,,,,,,
,,,,,xxxx,IE5049,,0.00012,2.9999999999999997e-05,,,,Saldadora diesel 550 AMP,,,,,,,,,,,,,,,,,,,,,
,,,,,xxxx,,,1,,,,,PERFIL COMBINADO EM AÇO CARBONO,,,,,,,,,,,,,,,,,,,,,
CB0035,"5.26 FORNECIMENTO, CRAVAÇÃO E RETIRADA DE PERFIL COMBINADO EM AÇO CARBONO, PARA EXECUÇÃO DO FECHAMENTO DA DOCA SECA COM O CANAL DE NAVEGAÇÃO",KG,,,CA0008,,,0.006,,,,,CUADRILLA ACERO 2 Turno por dia,,,,,,,,,,,,,,,,,,,,,
,,,,,xxxx,IE5072,,0.0004,9.999999999999999e-05,,,,GRU CINGOLATA 250 TON,produzione 2500 kg / HR,,,,,,,,,,,,,,,,,,,,
,,,,,xxxx,IH1021,,0.0005,,,,,OPERADOR DE EQUIP. PESADO 2 turno por dia,,,,,,,,,,,,,,,,,,,,,
,,,,,xxxx,IE5068,,0.0002,4.9999999999999996e-05,,,,GRU CINGOLATA 50 TON,,,,,,,,,,,,,,,,,,,,,
,,,,,xxxx,IH1021,,0.00025,,,,,OPERADOR DE EQUIP. PESADO 2 turno por dia,,,,,,,,,,,,,,,,,,,,,
,,,,,xxxx,,,0.0004,9.999999999999999e-05,,,,Vibro + centralina,,,,,,,,,,,,,,,,,,,,,
,,,,,xxxx,IM0002,,0.04224,,,,,Diesel,,,,,,,,,,,,,,,,,,,,,
,,,,,xxxx,IE5076,,0.00024,5.9999999999999995e-05,,,,Camion con baja da 40 ton,,,,,,,,,,,,,,,,,,,,,
,,,,,xxxx,IH1021,,0.00030000000000000003,,,,,OPERADOR DE EQUIP. PESADO 2 turno por dia,,,,,,,,,,,,,,,,,,,,,
,,,,,xxxx,IE5049,,0.00012,2.9999999999999997e-05,,,,Saldadora diesel 550 AMP,,,,,,,,,,,,,,,,,,,,,
,,,,,xxxx,,,1,,,,,PERFIL COMBINADO EM AÇO CARBONO,,,,,,,,,,,,,,,,,,,,,
CB0036,AÇO ASTM A36,KG,,,CA0008,,,0.0033665499596014004,,,,,CUADRILLA ACERO 2 Turno por dia,10 persone posano in 5 HR,,,,,,,,,,,,,,,,,,,,
,,,,,xxxxx,IE5068,,0.000201992997576084,5.049824939402098e-05,,,,GRU CINGOLATA 50 TON,,,,,,,,,,,,,,,,,,,,,
,,,,,xxxxx,IH1021,,0.000252491246970105,,,,,OPERADOR DE EQUIP. PESADO 2 turno por dia,,,,,,,,,,,,,,,,,,,,,
,,,,,xxxxx,IE5076,,0.00013466199838405601,8.977466558937069e-05,,,,Camion con baja da 40 ton,,,,,,,,,,,,,,,,,,,,,
,,,,,xxxxx,IH1021,,0.0002244366639734267,,,,,OPERADOR DE EQUIP. PESADO 2 turno por dia,,,,,,,,,,,,,,,,,,,,,
,,,,,xxxxx,IE5049,,0.0001615943980608672,4.039859951521679e-05,,,,Saldadora diesel 550 AMP,,,,,,,,,,,,,,,,,,,,,
,,,,IM1811,xxxxx,IM1811,,,1,,,,ACO ASTM A36,"peso kg / mq 157 x 2,20 = 345,40 kg / ml    peso totale cad 345,40 * 43 = 14.852 kg",,,,,,,,,,,,,,,,,,,,
CB0037,"5.23 FORNECIMENTO, CORTE E MONTAGEM DE PERFIL METÁLICO",KG,,,CA0008,,,0.006,,,,,CUADRILLA ACERO 2 Turno por dia,,,,,,,,,,,,,,,,,,,,,
,,,,,xxxxx,IE5076,,4e-05,2.6666666666666667e-05,,,,Camion con baja da 40 ton,,,,,,,,,,,,,,,,,,,,,
,,,,,xxxxx,IH1021,,6.666666666666667e-05,,,,,OPERADOR DE EQUIP. PESADO 2 turno por dia,,,,,,,,,,,,,,,,,,,,,
,,,,,xxxxx,,,1,,,,,PERFIL METALICO ITEM 5.23,,,,,,,,,,,,,,,,,,,,,
,,,,,xxxxx,IE5068,,0.0008,0.0005333333333333335,,,,Autogru da 50 ton,,,,,,,,,,,,,,,,,,,,,
,,,,,xxxxx,IH1021,,0.0013333333333333335,,,,,OPERADOR DE EQUIP. PESADO 2 turno por dia,,,,,,,,,,,,,,,,,,,,,
,,,,,xxxxx,IE5049,,0.2,1.8,,,,Saldadora diesel 550 AMP,,,,,,,,,,,,,,,,,,,,,
CB0038,5.14 TELA METÁLICA ,KG,,,CA0008,,,120,,,,,CUADRILLA ACERO 2 Turno por dia,,,,,,,,,,,,,,,,,,,,,
,,,,,xxxx,IE5026,,0.33,0.49499999999999994,,,,CAMION PLATAFORMA CON GRUA 5 TON,,,,,,,,,,,,,,,,,,,,,
,,,,,xxxx,IH0313,,0.825,,,,,OPERADOR DE EQUIP. PESADO 1 turno por dia,,,,,,,,,,,,,,,,,,,,,
,,,,,xxxx,IE5010,,0.867,0.5780000000000001,,,,Grua da 35 Ton,,,,,,,,,,,,,,,,,,,,,
,,,,,xxxx,IH0313,,1.445,,,,,OPERADOR DE EQUIP. PESADO 1 turno por dia,,,,,,,,,,,,,,,,,,,,,
,,,,,xxxx,,,1.15,,,,," TELA DE METAL PARA GUIA AÇO CA-60 (2,56 kg/m²)",,,,,,,,,,,,,,,,,,,,,
CB0039,"5.38 CRAVAÇÃO DE PERFIL METÁLICO DE ATÉ 2I-18"" OU H-400",KG,,,CA0008,,,0.0057,,,,,CUADRILLA ACERO 2 Turno por dia,,,,,,,,,,,,,,,,,,,,,
,,,,,xxxxx,IE5076,,4e-05,2.6666666666666667e-05,,,,Camion con baja da 40 ton,,,,,,,,,,,,,,,,,,,,,
,,,,,xxxxx,IH1021,,6.666666666666667e-05,,,,,OPERADOR DE EQUIP. PESADO 2 turno por dia,,,,,,,,,,,,,,,,,,,,,
,,,,,xxxxx,,,1,,,,,"PERFIL METALICO 21-18"" OU H-400","PERFIL METALICO 0,80 Euro / KG",,,,,,,,,,,,,,,,,,,,
,,,,,xxxxx,IE5068,,0.0008,0.0005333333333333335,,,,Autogru da 50 ton,,,,,,,,,,,,,,,,,,,,,
,,,,,xxxxx,IH1021,,0.0013333333333333335,,,,,OPERADOR DE EQUIP. PESADO 2 turno por dia,,,,,,,,,,,,,,,,,,,,,
,,,,,xxxxx,IE5049,,0.19,1.71,,,,Saldadora diesel 550 AMP,,,,,,,,,,,,,,,,,,,,,
CB0040,6.13 AÇO PARA CONCRETO PROTENDIDO ,KG,,,CA0008,,,0.03,,,,,CUADRILLA ACERO 2 Turno por dia,,,,,,,,,,,,,,,,,,,,,
,,,,,xxxxx,,ton,0.0005,,,,,CEMENTO,,,,,,,,,,,,,,,,,,,,,
,,,,,xxxxx,,,0.001,,,,,ADDITIVO,,,,,,,,,,,,,,,,,,,,,
,,,,,xxxxx,IE5010,,0.005,0.003333333333333333,,,,AUTOGRU DA 35 TON,,,,,,,,,,,,,,,,,,,,,
,,,,,xxxxx,IH1021,,0.008333333333333333,,,,,OPERADOR DE EQUIP. PESADO 2 turno por dia,,,,,,,,,,,,,,,,,,,,,
,,,,,xxxxx,IE5026,,0.005,0.007499999999999999,,,,CAMION PLATAFORMA CON GRUA 5 TON,,,,,,,,,,,,,,,,,,,,,
,,,,,xxxxx,IH1021,,0.012499999999999999,,,,,OPERADOR DE EQUIP. PESADO 2 turno por dia,,,,,,,,,,,,,,,,,,,,,
,,,,,xxxxx,,,0.006,0.014,,,,CENTRALINA PER TESATURA CAVI,50 EURO / HR,,,,,,,,,,,,,,,,,,,,
,,,,,XXXX,IE0202,,0.003,0.007,,,,COMPRESOR DIESEL 11 MC/MIN,,,,,,,,,,,,,,,,,,,,,
,,,,,xxxxx,,,1.03,,,,,AÇO PARA CONCRETO PROTENDIDO + guaine + testate,,,,,,,,,,,,,,,,,,,,,
CB0041,5.22 FORNECIMENTO DE AREIA LAVADA PARA SOLO REFORÇADO,MC,,,CA0002,,,0.03333333333333333,,,,,CUADRILLA ESCAVACION 2 Turno por dia,,,,,,,,,,,,,,,,,,,,,
,,,,,xxxxx,,,0.008333333333333333,0.0035714285714285726,,,,"CARGADORA S/NEUM DA 2,2 MC",,,,,,,,,,,,,,,,,,,,,
,,,,,xxxxx,IH1021,,0.011904761904761906,,,,,OPERADOR DE EQUIP. PESADO 2 turno por dia,,,,,,,,,,,,,,,,,,,,,
,,,,,xxxxx,IE5075,,0.07142857142857142,0.01785714285714285,,,,Dumper 25 Ton,,,,,,,,,,,,,,,,,,,,,
,,,,,xxxxx,IH1021,,0.08928571428571427,,,,,OPERADOR DE EQUIP. PESADO 2 turno por dia,,,,,,,,,,,,,,,,,,,,,
,,,,,xxxxx,,,0.005,0.00409090909090909,,,,"CARGADORA S/NEUM DA 2,2 MC",,,,,,,,,,,,,,,,,,,,,
,,,,,xxxxx,IH1021,,0.00909090909090909,,,,,OPERADOR DE EQUIP. PESADO 2 turno por dia,,,,,,,,,,,,,,,,,,,,,
,,,,,xxxxx,,,1.05,,,,,AREIA LAVADA,,,,,,,,,,,,,,,,,,,,,
CB0042,6.6 CIMBRAMENTO METALICO PARA PONTES E VIADUTOS,MC,,,CA0005,,,0.65,,,,,CUADRILLA FORMALETA 1 Turno por dia,,,,,,,,,,,,,,,,,,,,,
,,,,,XXXX,,,1,,,,,CIMBRA,"Costo Euro/mc 2,50",,,,,,,,,,,,,,,,,,,,
,,,,,XXXX,IE5026,,0.00943,0.00943,,,,CAMION PLATAFORMA CON GRUA 5 TON,,,,,,,,,,,,,,,,,,,,,
,,,,,XXXX,IH0313,,0.01886,,,,,OPERADOR DE EQUIP. PESADO 1 turno por dia,,,,,,,,,,,,,,,,,,,,,
,,,,,XXXX,IE5010,,0.01178,0.007853333333333335,,,,Grua da 35 Ton,,,,,,,,,,,,,,,,,,,,,
,,,,,XXXX,IH0313,,0.019633333333333336,,,,,OPERADOR DE EQUIP. PESADO 1 turno por dia,,,,,,,,,,,,,,,,,,,,,
,,,,,XXXX,,,0.01178,0.005048571428571428,,,,Fork lift,,,,,,,,,,,,,,,,,,,,,
,,,,,XXXX,IH0313,,0.01682857142857143,,,,,OPERADOR DE EQUIP. PESADO 1 turno por dia,,,,,,,,,,,,,,,,,,,,,
CB0043,6.14 AÇO PARA CONCRETO PROTENDIDO ST 85/105,KG,,,CA0008,,,0.035,,,,,CUADRILLA ACERO 2 Turno por dia,,,,,,,,,,,,,,,,,,,,,
,,,,,xxxxx,,ton,0.00051,,,,,CEMENTO,,,,,,,,,,,,,,,,,,,,,
,,,,,xxxxx,,,0.0012,,,,,ADDITIVO,,,,,,,,,,,,,,,,,,,,,
,,,,,xxxxx,IE5010,,0.005,0.003333333333333333,,,,AUTOGRU DA 35 TON,,,,,,,,,,,,,,,,,,,,,
,,,,,xxxxx,IH1021,,0.008333333333333333,,,,,OPERADOR DE EQUIP. PESADO 2 turno por dia,,,,,,,,,,,,,,,,,,,,,
,,,,,xxxxx,IE5026,,0.005,0.007499999999999999,,,,CAMION PLATAFORMA CON GRUA 5 TON,,,,,,,,,,,,,,,,,,,,,
,,,,,xxxxx,IH1021,,0.012499999999999999,,,,,OPERADOR DE EQUIP. PESADO 2 turno por dia,,,,,,,,,,,,,,,,,,,,,
,,,,,xxxxx,,,0.0065,0.0135,,,,CENTRALINA PER TESATURA CAVI,50 EURO / HR,,,,,,,,,,,,,,,,,,,,
,,,,,XXXX,IE0202,,0.003,0.007,,,,COMPRESOR DIESEL 11 MC/MIN,,,,,,,,,,,,,,,,,,,,,
,,,,,xxxxx,,,1.03,,,,,AÇO PARA CONCRETO PROTENDIDO ST 85/105 + GUAINE + TESTATE,,,,,,,,,,,,,,,,,,,,,
CB0044,5.20 SOLO REFORÇADO TIPO GREIDE COM ALTURA DE 0 A 6 METROS (TERRA ARMATA),,,,CA0005,,,2.8,,,,,CUADRILLA FORMALETA 1 Turno por dia,,,,,,,,,,,,,,,,,,,,,
,,,,,xxxxx,,,1.01,,,,,pannello in concreto prefabbricato,,,,,,,,,,,,,,,,,,,,,
,,,,,xxxxx,IE5026,,0.05,0.075,,,,CAMION PLATAFORMA CON GRUA 5 TON,,,,,,,,,,,,,,,,,,,,,
,,,,,xxxxx,IH0313,,0.125,,,,,OPERADOR DE EQUIP. PESADO 1 turno por dia,,,,,,,,,,,,,,,,,,,,,
,,,,,xxxxx,IE5010,,0.2,0.13333333333333336,,,,Grua da 35 Ton,,,,,,,,,,,,,,,,,,,,,
,,,,,xxxxx,IH0313,,0.33333333333333337,,,,,OPERADOR DE EQUIP. PESADO 1 turno por dia,,,,,,,,,,,,,,,,,,,,,
CB0045,25.23 CIMBRAMENTO DE PASSAGEM SEC. GALERIA RET.,MC,,,CA0010,,,0.8450000000000001,,,,,CUADRILLA VARIOS 2 Turno por dia,,,,,,,,,,,,,,,,,,,,,
,,,,,XXXX,,,1,,,,,CIMBRA,"Costo Euro/mc 2,50",,,,,,,,,,,,,,,,,,,,
,,,,,XXXX,IE5026,,0.012258999999999999,0.012258999999999999,,,,CAMION PLATAFORMA CON GRUA 5 TON,,,,,,,,,,,,,,,,,,,,,
,,,,,XXXX,IH0313,,0.024517999999999998,,,,,OPERADOR DE EQUIP. PESADO 1 turno por dia,,,,,,,,,,,,,,,,,,,,,
,,,,,XXXX,IE5010,,0.015314000000000001,0.010209333333333334,,,,Grua da 35 Ton,,,,,,,,,,,,,,,,,,,,,
,,,,,XXXX,IH0313,,0.025523333333333335,,,,,OPERADOR DE EQUIP. PESADO 1 turno por dia,,,,,,,,,,,,,,,,,,,,,
,,,,,XXXX,,,0.015314000000000001,0.006563142857142858,,,,Fork lift,,,,,,,,,,,,,,,,,,,,,
,,,,,XXXX,IH0313,,0.02187714285714286,,,,,OPERADOR DE EQUIP. PESADO 1 turno por dia,,,,,,,,,,,,,,,,,,,,,
CB0046,"25.8 TELA DE METAL PARA GUIA AÇO CA-60 (2,56 kg/m²)",KG,,,CA0008,,,120,,,,,CUADRILLA ACERO 2 Turno por dia,,,,,,,,,,,,,,,,,,,,,
,,,,,xxxx,IE5026,,0.33,0.49499999999999994,,,,CAMION PLATAFORMA CON GRUA 5 TON,,,,,,,,,,,,,,,,,,,,,
,,,,,xxxx,IH1021,,0.825,,,,,OPERADOR DE EQUIP. PESADO 2 turno por dia,,,,,,,,,,,,,,,,,,,,,
,,,,,xxxx,IE5010,,0.867,0.5780000000000001,,,,Grua da 35 Ton,,,,,,,,,,,,,,,,,,,,,
,,,,,xxxx,IH1021,,1.445,,,,,OPERADOR DE EQUIP. PESADO 2 turno por dia,,,,,,,,,,,,,,,,,,,,,
,,,,,xxxx,,,1.15,,,,," TELA DE METAL PARA GUIA AÇO CA-60 (2,56 kg/m²)",,,,,,,,,,,,,,,,,,,,,
CB0047,5.43 FORNECIMENTO DE PRANCHÕES DE MADEIRA,MC,,,CA0005,,,10.000000000000002,,,,,CUADRILLA FORMALETA 1 Turno por dia,,,,,,,,,,,,,,,,,,,,,
,,,,,xxxxx,,,1.1,,,,,PRANCHÕES DE MADEIRA,,,,,,,,,,,,,,,,,,,,,
,,,,,xxxxx,IE5026,,0.2,0.13333333333333336,,,,CAMION PLATAFORMA CON GRUA 5 TON,,,,,,,,,,,,,,,,,,,,,
,,,,,xxxxx,IH0313,,0.33333333333333337,,,,,OPERADOR DE EQUIP. PESADO 1 turno por dia,,,,,,,,,,,,,,,,,,,,,
CB0048,5.41 COLOCAÇÃO DE PRANCHÕES DE MADEIRA,MC,,,CA0005,,,4,,,,,CUADRILLA FORMALETA 1 Turno por dia,,,,,,,,,,,,,,,,,,,,,
,,,,,xxxx,IE5010,,0.8,0.2,,,,Grua da 35 Ton,,,,,,,,,,,,,,,,,,,,,
,,,,,xxxx,IH0313,,1,,,,,OPERADOR DE EQUIP. PESADO 1 turno por dia,,,,,,,,,,,,,,,,,,,,,
,,,,,xxxx,IE5026,,0.2,0.13333333333333336,,,,CAMION PLATAFORMA CON GRUA 5 TON,,,,,,,,,,,,,,,,,,,,,
,,,,,xxxx,IH0313,,0.33333333333333337,,,,,OPERADOR DE EQUIP. PESADO 1 turno por dia,,,,,,,,,,,,,,,,,,,,,
CB0049,5.42 RETIRADA DE PRANCHÕES DE MADEIRA,MC,,,CA0005,,,3.2,,,,,CUADRILLA FORMALETA 1 Turno por dia,,,,,,,,,,,,,,,,,,,,,
,,,,,xxxx,IE5010,,0.7,0.1,,,,Grua da 35 Ton,,,,,,,,,,,,,,,,,,,,,
,,,,,xxxx,IH0313,,0.7999999999999999,,,,,OPERADOR DE EQUIP. PESADO 1 turno por dia,,,,,,,,,,,,,,,,,,,,,
,,,,,xxxx,IE5026,,0.2,0.13333333333333336,,,,CAMION PLATAFORMA CON GRUA 5 TON,,,,,,,,,,,,,,,,,,,,,
,,,,,xxxx,IH0313,,0.33333333333333337,,,,,OPERADOR DE EQUIP. PESADO 1 turno por dia,,,,,,,,,,,,,,,,,,,,,
CB0050,25.30 IMPERMEABILIZAÇÃO COM MANTA DE PVC COM 3MM DE ESPESSURA,MQ,,,CA0009,,,1.2,,,,,CUADRILLA VARIOS 1 Turno por dia,,,,,,,,,,,,,,,,,,,,,
,,,,,xxxxx,,,1.1,,,,,TNT 50 g/mq,,,,,,,,,,,,,,,,,,,,,
,,,,,xxxxx,,,1.1,,,,,Foglio PVC sp 3 mm,,,,,,,,,,,,,,,,,,,,,
,,,,,xxxxx,IE5010,,0.01,0.0024999999999999988,,,,Grua da 35 Ton,,,,,,,,,,,,,,,,,,,,,
,,,,,xxxxx,IH0313,,0.012499999999999999,,,,,OPERADOR DE EQUIP. PESADO 1 turno por dia,,,,,,,,,,,,,,,,,,,,,
,,,,,xxxxx,IE5026,,0.005,0.003333333333333333,,,,CAMION PLATAFORMA CON GRUA 5 TON,,,,,,,,,,,,,,,,,,,,,
,,,,,xxxxx,IH0313,,0.008333333333333333,,,,,OPERADOR DE EQUIP. PESADO 1 turno por dia,,,,,,,,,,,,,,,,,,,,,
CB0051,5.39 IMPERMEABILIZAÇÃO COM MANTA DE PVC COM 3MM DE ESPESSURA,MQ,,,CA0009,,,1.2,,,,,CUADRILLA VARIOS 1 Turno por dia,,,,,,,,,,,,,,,,,,,,,
,,,,,xxxxx,,,1.1,,,,,TNT 50 g/mq,,,,,,,,,,,,,,,,,,,,,
,,,,,xxxxx,,,1.1,,,,,Foglio PVC sp 3 mm,,,,,,,,,,,,,,,,,,,,,
,,,,,xxxxx,IE5010,,0.01,0.0024999999999999988,,,,Grua da 35 Ton,,,,,,,,,,,,,,,,,,,,,
,,,,,xxxxx,IH0313,,0.012499999999999999,,,,,OPERADOR DE EQUIP. PESADO 1 turno por dia,,,,,,,,,,,,,,,,,,,,,
,,,,,xxxxx,IE5026,,0.005,0.003333333333333333,,,,CAMION PLATAFORMA CON GRUA 5 TON,,,,,,,,,,,,,,,,,,,,,
,,,,,xxxxx,IH0313,,0.008333333333333333,,,,,OPERADOR DE EQUIP. PESADO 1 turno por dia,,,,,,,,,,,,,,,,,,,,,
CB0052,5.44 BARREIRA DE SEGURANÇA PARA OAE CONF. PP-DE-C01/293,ML,,,CA0009,,,0.625,,,,,CUADRILLA VARIOS 1 Turno por dia,,,,,,,,,,,,,,,,,,,,,
,,,,,xxxxx,IE5026,,0.1,0.024999999999999994,,,,CAMION PLATAFORMA CON GRUA 5 TON,,,,,,,,,,,,,,,,,,,,,
,,,,,xxxxx,IH0313,,0.125,,,,,OPERADOR DE EQUIP. PESADO 1 turno por dia,,,,,,,,,,,,,,,,,,,,,
,,,,,xxxxx,IE0202,,0.1,0.024999999999999994,,,,COMPRESOR DIESEL 11 MC/MIN,,,,,,,,,,,,,,,,,,,,,
,,,,,xxxxx,,,0.1,0.024999999999999994,,,,Martello perforatore 27 KG,,,,,,,,,,,,,,,,,,,,,
,,,,,xxxxx,,,1,,,,,BARREIRA DE SEGURANÇA PARA OAE CONF. PP-DE-C01/293,,,,,,,,,,,,,,,,,,,,,
CB0053,5.45 FURO EM CONCRETO Ø32 PARA CHUMBADORES DE Ø25,ML,,,CA0009,,,0.6000000000000001,,,,,CUADRILLA VARIOS 1 Turno por dia,,,,,,,,,,,,,,,,,,,,,
,,,,,xxxxx,,,0.04000000000000001,0.04000000000000001,,,,Martello perforatore,,,,,,,,,,,,,,,,,,,,,
,,,,,xxxxx,IE0202,,0.020000000000000004,0.020000000000000004,,,,COMPRESOR DIESEL 11 MC/MIN,,,,,,,,,,,,,,,,,,,,,
,,,,,CA0052,IM1070,,0.002,,,,,AQUA,,,,,,,,,,,,,,,,,,,,,
,,,,,xxxxx,IE0406,,0.00016666666666666666,4.9999999999999996e-05,,,,CAMION PARA AQUA 18000 LIT,,,,,,,,,,,,,,,,,,,,,
,,,,,xxxxx,IH1021,,0.00021666666666666666,,,,,OPERADOR DE EQUIP. PESADO 2 turno por dia,,,,,,,,,,,,,,,,,,,,,
,,,,,xxxxx,IE5026,,0.0125,0.003125,,,,CAMION PLATAFORMA CON GRUA 5 TON,,,,,,,,,,,,,,,,,,,,,
,,,,,xxxxx,IH0313,,0.015625,,,,,OPERADOR DE EQUIP. PESADO 1 turno por dia,,,,,,,,,,,,,,,,,,,,,
,,,,,xxxxx,,,3.9,,,,,Barra de acero,,,,,,,,,,,,,,,,,,,,,
,,,,,xxxxx,,,0.00012057599999999998,,,,,Resina per ancoraggi,,,,,,,,,,,,,,,,,,,,,
CB0054,5.46 JUNTA DE DILATAÇÃO EM MATERIAL TERMOPLÁSTICO ,ML,,,CA0009,,,2,,,,,CUADRILLA VARIOS 1 Turno por dia,,,,,,,,,,,,,,,,,,,,,
,,,,,xxxxxx,IE5026,,0.015,0.003,,,,CAMION PLATAFORMA CON GRUA 5 TON,,,,,,,,,,,,,,,,,,,,,
,,,,,xxxxxx,IH0313,,0.018,,,,,OPERADOR DE EQUIP. PESADO 1 turno por dia,,,,,,,,,,,,,,,,,,,,,
,,,,,xxxxxx,,,1.1,,,,,JUNTA DE DILATAÇÃO EM MATERIAL TERMOPLÁSTICO ,,,,,,,,,,,,,,,,,,,,,
,,,,,xxxxxx,IE0202,,0.14285714285714285,0.3333333333333333,,,,COMPRESOR DIESEL 11 MC/MIN,,,,,,,,,,,,,,,,,,,,,
CB0055,5.6 DRENOS LONGITUDINAIS PROFUNDOS EM SOLOS SILTOSOS E/OU ARGILOSOS,ML,,,CA0001,,,0.8928571428571429,,,,,CUADRILLA ESCAVACION 1 Turno per dia,CONSIDERO 5 MC / ML,,,,,,,,,,,,,,,,,,,,
,,,,,xxxxxx,,,0.125,0.053571428571428575,,,,"CARGADORA S/NEUM DA 2,2 MC",,,,,,,,,,,,,,,,,,,,,
,,,,,xxxxxx,IH1021,,0.17857142857142858,,,,,OPERADOR DE EQUIP. PESADO 2 turno por dia,MANOVRE,Car,Andata,scarico,Ritorno,,ineffi,,,,,,,,,,,,,,
,,,,,xxxxxx,IE5075,,0.5347985347985347,0.13369963369963367,,,,Dumper 25 Ton,2,21,24,2,24,73,16.84615384615384,89.84615384615384,,,,,,,,,,,,,
,,,,,xxxxxx,IH1021,,0.6684981684981683,,,,,OPERADOR DE EQUIP. PESADO 2 turno por dia,,,,,,,,,,,,,,,,,,,,,
CB0056,5.5 DRENOS LONGITUDINAIS PROFUNDOS EM SOLOS SILTOSOS E/OU ARGILOSOS,ML,,,CA0001,,,0.7142857142857144,,,,,CUADRILLA ESCAVACION 1 Turno per dia,CONSIDERO 5 MC / ML,,,,,,,,,,,,,,,,,,,,
,,,,,xxxxxx,,,0.1,0.04285714285714287,,,,"CARGADORA S/NEUM DA 2,2 MC",,,,,,,,,,,,,,,,,,,,,
,,,,,xxxxxx,IH1021,,0.14285714285714288,,,,,OPERADOR DE EQUIP. PESADO 2 turno por dia,MANOVRE,Car,Andata,scarico,,,,,,,,,,,,,,,,,
,,,,,xxxxxx,IE5075,,0.504029304029304,0.126007326007326,,,,Dumper 25 Ton,2,16.8,24,2,24,68.8,15.876923076923077,84.67692307692307,,,,,,,,,,,,,
,,,,,xxxxxx,IH1021,,0.63003663003663,,,,,OPERADOR DE EQUIP. PESADO 2 turno por dia,,,,,,,,,,,,,,,,,,,,,
CB0057,2.17 DRENOS LONGITUDINAIS PROFUNDOS EM SOLOS SILTOSOS E/OU ARGILOSOS,MC,,,CA0001,,,0.08333333333333333,,,,,CUADRILLA ESCAVACION 1 Turno per dia,,,,,,,,,,,,,,,,,,,,,
,,,,,xxxxxx,,,0.016666666666666666,0.004166666666666666,,,,"CARGADORA S/NEUM DA 2,2 MC",,,,,,,,,,,,,,,,,,,,,
,NO,,,,xxxxxx,IH1021,,0.020833333333333332,,,,,OPERADOR DE EQUIP. PESADO 2 turno por dia,MANOVRE,Car,Andata,scarico,,,,,,,,,,,,,,,,,
,,,,,xxxxxx,IE5075,,0.09670329670329669,0.024175824175824173,,,,Dumper 25 Ton,2,14,24,2,24,66,15.230769230769226,81.23076923076923,,,,,,,,,,,,,
,,,,,xxxxxx,IH1021,,0.12087912087912087,,,,,OPERADOR DE EQUIP. PESADO 2 turno por dia,,,,,,,,,,,,,,,,,,,,,
CB0058,1.12 DEMOLIÇÃO DE CONCRETO CICLOPICO SUBMERSO C/ TRANSPORTE,MC,,,CA0002,,,0.36464088397790057,,,,,CUADRILLA ESCAVACION 2 Turno por dia,,,,,,,,,,,,,,,,,,,,,
,,,,,XXXXX,,,0.027624309392265192,,,,HR,Sommozzatori,Costo EURO / HR 45,,,,,,,,,,,,,,,,,,,,
,,,,,XXXXX,IE5031,,0.013812154696132596,0.04696132596685083,,,,Escavartore CAT 330,,,,,,,,,,,,,,,,,,,,,
,,,,,XXXXX,IH1021,,0.06077348066298342,,,,,OPERADOR DE EQUIP. PESADO 2 turno por dia,,,,,,,,,,,,,,,,,,,,,
,,,,,XXXXX,,,0.027624309392265192,0.03314917127071823,,,,Escavatore CAT 345 + martellone,,,,,,,,,,,,,,,,,,,,,
,,,,,XXXXX,IH1021,,0.06077348066298342,,,,,OPERADOR DE EQUIP. PESADO 2 turno por dia,,,,,,,,,,,,,,,,,,,,,
,,,,,XXXXX,IE5070,,0.04143646408839779,0.019337016574585635,,,,Gru cingolata 100 TON,,,,,,,,,,,,,,,,,,,,,
,,,,,XXXXX,IH1021,,0.06077348066298342,,,,,OPERADOR DE EQUIP. PESADO 2 turno por dia,,,,,,,,,,,,,,,,,,,,,
,,,,,XXXXX,,,0.04143646408839779,0.019337016574585635,,,,Pala CAT 966,,,,,,,,,,,,,,,,,,,,,
,,,,,XXXXX,IH1021,,0.06077348066298342,,,,,OPERADOR DE EQUIP. PESADO 2 turno por dia,,,,,,,,,,,,,,,,,,,,,
,,,,,XXXXX,IE5075,,0.14917127071823205,0.03314917127071823,,,,Dumper 25 Ton,,,,,,,,,,,,,,,,,,,,,
,,,,,XXXXX,IH1021,,0.18232044198895028,,,,,OPERADOR DE EQUIP. PESADO 2 turno por dia,,,,,,,,,,,,,,,,,,,,,
,,,,,CA0051,IE5077,,,,,,,ILLUMINAZIONE,,,,,,,,,,,,,,,,,,,,,
CB0059,6.43 REMOÇÃO DE ENROCAMENTO SUBMERSO C/ TRANSPORTE,MC,,,CA0002,,,0.10416666666666667,,,,,CUADRILLA ESCAVACION 2 Turno por dia,,,,,,,,,,,,,,,,,,,,,
,,,,,XXXXX,IE5031,,0.006944444444444444,0.010416666666666666,,,,Escavatore CAT 330,,,,,,,,,,,,,,,,,,,,,
,,,,,XXXXX,IH1021,,0.017361111111111112,,,,,OPERADOR DE EQUIP. PESADO 2 turno por dia,,,,,,,,,,,,,,,,,,,,,
,,,,,XXXXX,IE5070,,0.015625,0.001736111111111111,,,,Gru cingolata 100 TON,,,,,,,,,,,,,,,,,,,,,
,,,,,XXXXX,IH1021,,0.017361111111111112,,,,,OPERADOR DE EQUIP. PESADO 2 turno por dia,,,,,,,,,,,,,,,,,,,,,
,,,,,XXXXX,,,0.013888888888888888,0.003472222222222222,,,,Pala CAT 966,,,,,,,,,,,,,,,,,,,,,
,,,,,XXXXX,IH1021,,0.017361111111111112,,,,,OPERADOR DE EQUIP. PESADO 2 turno por dia,,,,,,,,,,,,,,,,,,,,,
,,,,,XXXXX,IE5075,,0.12152777777777778,0.006944444444444444,,,,Dumper 25 Ton,,,,,,,,,,,,,,,,,,,,,
,,,,,XXXXX,IH1021,,0.1284722222222222,,,,,OPERADOR DE EQUIP. PESADO 2 turno por dia,,,,,,,,,,,,,,,,,,,,,
,,,,,CA0051,IE5077,,,,,,,ILLUMINAZIONE,,,,,,,,,,,,,,,,,,,,,
CB0060,1.11 DEMOLIÇÃO DE CONCRETO ARMADO COM RECOLHIMENTO MARINHO DOS SEDIMENTOS,MC,,,CA0002,,,0.00428380187416332,,,,,CUADRILLA ESCAVACION 2 Turno por dia,,,,,,,,,,,,,,,,,,,,,
,,,,,XXXXX,,,0.000678268630075859,3.5698348951361e-05,,,,Escavatore CAT 345 + martellone,,,,,,,,,,,,,,,,,,,,,
,,,,,XXXXX,IH1021,,,,,,,OPERADOR DE EQUIP. PESADO 2 turno por dia,,,,,,,,,,,,,,,,,,,,,
,,,,,XXXXX,IE5070,,0.0003391343150379295,1.78491744756805e-05,,,,Gru cingolata 100 TON,,,,,,,,,,,,,,,,,,,,,
,,,,,XXXXX,IH1021,,,,,,,OPERADOR DE EQUIP. PESADO 2 turno por dia,,,,,,,,,,,,,,,,,,,,,
,,,,,XXXXX,IE0202,,0.0008032128514056225,0.0002677376171352075,,,,COMPRESOR DIESEL 11 MC/MIN,,,,,,,,,,,,,,,,,,,,,
,,,,,XXXXX,,,0.001606425702811245,0.000535475234270415,,,,Martello DEMOLITORE,,,,,,,,,,,,,,,,,,,,,
,,,,,XXXXX,,,0.000178491744756805,0.000178491744756805,,,,Pala CAT 966,,,,,,,,,,,,,,,,,,,,,
,,,,,XXXXX,IH1021,,,,,,,OPERADOR DE EQUIP. PESADO 2 turno por dia,,,,,,,,,,,,,,,,,,,,,
,,,,,XXXXX,IE5075,,0.00071396697902722,8.92458723784025e-05,,,,Dumper 25 Ton,,,,,,,,,,,,,,,,,,,,,
,,,,,XXXXX,IH1021,,,,,,,OPERADOR DE EQUIP. PESADO 2 turno por dia,,,,,,,,,,,,,,,,,,,,,
,,,,,XXXXX,,KG,26.765799256505577,,,,,Panconi metallici,"Euro / kg 1,5",,,,,,,,,,,,,,,,,,,,
,,,,,CA0051,IE5077,,,,,,,ILLUMINAZIONE,,,,,,,,,,,,,,,,,,,,,
CB0061,6.45 CORTE DE ESTACAS DE CONCRETO/AÇO COM DIÂMETRO ATÉ 1016MM - SUBMERSO,MC,,,CA0002,,,36.800000000000004,,,,,CUADRILLA ESCAVACION 2 Turno por dia,,,,,,,,,,,,,,,,,,,,,
,,,,,XXXXX,IE5070,,4.45625,0.14375000000000002,,,,Gru cingolata 100 TON,,,,,,,,,,,,,,,,,,,,,
,,,,,XXXXX,IH1021,,4.6,,,,,OPERADOR DE EQUIP. PESADO 2 turno por dia,,,,,,,,,,,,,,,,,,,,,
,,,,,XXXXX,IE0202,,8.625,5.175,,,,COMPRESOR DIESEL 11 MC/MIN,,,,,,,,,,,,,,,,,,,,,
,,,,,XXXXX,,,17.25,10.35,,,,Martello DEMOLITORE,,,,,,,,,,,,,,,,,,,,,
,,,,,XXXXX,,,3.22,,,,HR,SOMMOZZATORI,,,,,,,,,,,,,,,,,,,,,
,,,,,XXXXX,IE5075,,4.3125,0.43125,,,,DUMPER 25 TON,,,,,,,,,,,,,,,,,,,,,
,,,,,XXXXX,IH1021,,4.74375,,,,,OPERADOR DE EQUIP. PESADO 2 turno por dia,,,,,,,,,,,,,,,,,,,,,
,,,,,XXXXX,,KG,517.5,,,,,Panconi metallici,"Euro / kg 1,5",,,,,,,,,,,,,,,,,,,,
,,,,,CA0051,IE5077,,,,,,,ILLUMINAZIONE,,,,,,,,,,,,,,,,,,,,,
CB0062,6.46 REMOÇÃO DE ESTACAS DE CONCRETO/AÇO COM DIÂMETRO ATÉ 1016MM - SUBMERSO,ML,,,CA0002,,,0.9404081632653062,,,,,CUADRILLA ESCAVACION 2 Turno por dia,,,,,,,,,,,,,,,,,,,,,
,,,,,XXXXX,IE5070,,0.11387755102040817,0.0036734693877551023,,,,Gru cingolata 100 TON,,,,,,,,,,,,,,,,,,,,,
,,,,,XXXXX,IH1021,,0.11755102040816327,,,,,OPERADOR DE EQUIP. PESADO 2 turno por dia,,,,,,,,,,,,,,,,,,,,,
,,,,,XXXXX,IE0202,,0.22040816326530613,0.13224489795918368,,,,COMPRESOR DIESEL 11 MC/MIN,,,,,,,,,,,,,,,,,,,,,
,,,,,XXXXX,,,0.44081632653061226,0.26448979591836735,,,,Martello DEMOLITORE,,,,,,,,,,,,,,,,,,,,,
,,,,,XXXXX,,,0.0822857142857143,,,,HR,SOMMOZZATORI,,,,,,,,,,,,,,,,,,,,,
,,,,,XXXXX,IE5075,,0.11020408163265306,0.011020408163265308,,,,DUMPER 25 TON,,,,,,,,,,,,,,,,,,,,,
,,,,,XXXXX,IH1021,,0.12122448979591838,,,,,OPERADOR DE EQUIP. PESADO 2 turno por dia,,,,,,,,,,,,,,,,,,,,,
,,,,,XXXXX,,KG,13.224489795918368,,,,,Panconi metallici,"Euro / kg 1,5",,,,,,,,,,,,,,,,,,,,
,,,,,CA0051,IE5077,,,,,,,ILLUMINAZIONE,,,,,,,,,,,,,,,,,,,,,
CB0063,6.44 REMOÇÃO E REINSTALAÇÃO DO CABEÇO DE ANCORAGEM/DEFENSA DE ATRACAÇÃO,NR,,,CA0002,,,800,,,,HR,CUADRILLA ESCAVACION 2 Turno por dia,,,,,,,,,,,,,,,,,,,,,
,,,,,XXXXX,IE5068,,6.25,13.75,,,HR,Aurogru da 50 Ton,,,,,,,,,,,,,,,,,,,,,
,,,,,XXXXX,IH1021,,20,,,,HR,OPERADOR DE EQUIP. PESADO 2 turno por dia,,,,,,,,,,,,,,,,,,,,,
,,,,,XXXXX,IE0202,,22.5,37.5,,,HR,COMPRESOR DIESEL 11 MC/MIN,,,,,,,,,,,,,,,,,,,,,
,,,,,XXXXX,,,7.5,12.5,,,HR,Martello DEMOLITORE,,,,,,,,,,,,,,,,,,,,,
,,,,,XXXXX,,,1,,,,LS,Materiale di fissaggio,Euro / cad 1000,,,,,,,,,,,Produttivo,,Improduttivo,,,,,,,
,,,,,IE5065,IE5083,,0.5,0.01,,,HR,Marine Equipement for Combiwall,,,,,,,,,,,,3519.23,,3241.21083,,,,,,,
,,,,,IH1017,,,1.5,,,,HR,Driver Marine Equipement for Combiwall,,,,,,,,,,,,,,,,,,,,,
,,,,,CA0002,,,520,,,,HR,CUADRILLA ESCAVACION 2 Turno por dia,,,,,,,,,,,,,,,,,,,,,
CB0064,23.1 DEMOLIÇÃO DE CONCRETO ARMADO   ,MC,,,CA0002,,,2.539454806312769,,,,,CUADRILLA ESCAVACION 2 Turno por dia,,,,,,,,,,,,,,,,,,,,,
,,,,,XXXXX,,,0.12314681970349116,0.003586800573888092,,,,CAT 345 + MARTELLONE,,,,,,,,,,,,,,,,,,,,,
,,,,,XXXXX,IH1021,,0.12673362027737925,,,,,OPERADOR DE EQUIP. PESADO 2 turno por dia,,,,,,,,,,,,,,,,,,,,,
,,,,,XXXXX,IE0202,,0.12314681970349116,0.003586800573888092,,,,COMPRESOR DIESEL 11 MC/MIN,,,,,,,,,,,,,,,,,,,,,
,,,,,XXXXX,,,0.49258727881396464,0.014347202295552367,,,,Martello DEMOLITORE,,,,,,,,,,,,,,,,,,,,,
"23 / 1 / 2015 ore 18,30",,,,,XXXXX,IE0011,,0.14945002391200382,0.005978000956480153,,,,CARGADORA + RETROESCAVATORA CAT 420 E,,,,,,,,,,,,,,,,,,,,,
CB0065,2.5 ESCAVAÇÃO E CARGA DE SOLO MOLE GRU CINGOLATA E BENNA MORDENTE,MC,,,CA0002,,,0.529692,,,,HR,CUADRILLA ESCAVACION 2 Turno por dia,,,,,,,,,,,,,,,,,,,,,
,,,,,XXXXX,,,0.04772,0.0052492,,,HR,GRU CINGOLATA CON BENNA MORDENTE 120 TON,,,,,,,,,,,,,,,,,,,,,
,,,,,XXXXX,IH1021,,0.0529692,,,,HR,OPERADOR DE EQUIP. PESADO 2 turno por dia,,,,,,,,,,,,,,,,,,,,,
,,,,,XXXXX,,,0.0008,,,,HR,Sommozzatori,Costo EURO / HR 45,,,,,,,,,,,,,,,,,,,,
,,,,,XXXXX,IE5075,,0.144,0.01728,,,HR,Dumper 25 Ton,,,,,,,,,,,,,,,,,,,,,
,,,,,XXXXX,IH1021,,0.16127999999999998,,,,HR,OPERADOR DE EQUIP. PESADO 2 turno por dia,,,,,,,,,,,,,,,,,,,,,
,,,,,CA0051,IE5077,,0.0014,0.0014,,,HR,ILLUMINAZIONE,,,,,,,,,,,,,,,,,,,,,
CB0066,2.17 ESCAVAÇÃO INVERTIDA E CARGA DE MATERIAL DE 1ª / 2ª CATEGORIA E/OU SOLO MOLE   Parte invertida,MC,,,CA0002,,,0.09999999999999999,,,,HR,CUADRILLA ESCAVACION 2 Turno por dia,,,,,,,,,,,,,,,,,,,,,
,,,,,xxxxxx,,,0.02,0.0049999999999999975,,,HR,"CARGADORA S/NEUM DA 2,2 MC",,,,,,,,,,,,,,,,,,,,,
,,,,,xxxxxx,IH1021,,0.024999999999999998,,,,HR,OPERADOR DE EQUIP. PESADO 2 turno por dia,MANOVRE,Car,Andata,scarico,,,,,,,,,,,,,,,,,
,,,,,xxxxxx,IE5075,,0.1008058608058608,0.025201465201465198,,,HR,Dumper 25 Ton,2,16.8,24,2,24,68.8,15.876923076923077,84.67692307692307,,,,,,,,,,,,,
,,,,,xxxxxx,IH1021,,0.126007326007326,,,,HR,OPERADOR DE EQUIP. PESADO 2 turno por dia,,,,,,,,,,,,,,,,,,,,,
,,,,,CA0051,IE5077,,0.0014,0.0014,,,HR,ILLUMINAZIONE,,,,,,,,,,,,,,,,,,,,,
CB0067,24.2 ESCAVAÇÃO E CARGA DE SOLO MOLE CON CARROPONTE,MC,,,CA0002,,,0.14755663258794,,,,HR,CUADRILLA ESCAVACION 2 Turno por dia,,,,,,,,,,,,,,,,,,,,,
,,,,,IE5064,,,0.03494762350767,0.0019415346393149978,,,HR,Carroponte,"R$ /H produttivo 1.050,05",,,,,,,,,,,,,,,,,,,,
,,,,,xxxxxx,IH1021,,0.036889158146985,,,,HR,OPERADOR DE EQUIP. PESADO 2 turno por dia,"R$ /H improduttivo produttivo 958,61",,,,,,,,,,,,,,,,,,,,
,,,,,CA0051,IE5077,,0.0014,0.0014,,,HR,ILLUMINAZIONE,,,,,,,,,,,,,,,,,,,,,
CB0068,25.3 ESCAVAÇÃO MECÂNICA PARA OBRAS SEM EXPLOSIVO CON CARROPONTE MAT NON IMMERSO portato a 1KM lato Doca Seca,MC,,,CA0002,,,0.049999999999999996,,,,HR,CUADRILLA ESCAVACION 2 Turno por dia,,,,,,,,,,,,,,,,,,,,,
,,,,,xxxxxx,,,0.01,0.0024999999999999988,,,HR,"CARGADORA S/NEUM DA 2,2 MC",,,,,,,,,,,,,,,,,,,,,
,,,,,xxxxxx,IH1021,,0.012499999999999999,,,,HR,OPERADOR DE EQUIP. PESADO 2 turno por dia,MANOVRE,Car,Andata,scarico,,,,,,,,,,,,,,,,,
,,,,,xxxxxx,IE5075,,0.0884981684981685,0.022124542124542124,,,HR,Dumper 25 Ton,2,8.4,24,2,24,60.4,13.938461538461532,74.33846153846153,,,,,,,,,,,,,
,,,,,xxxxxx,IH1021,,0.11062271062271062,,,,HR,OPERADOR DE EQUIP. PESADO 2 turno por dia,,,,,,,,,,,,,,,,,,,,,
CB0069,25.3 ESCAVAÇÃO MECÂNICA PARA OBRAS SEM EXPLOSIVO CON CARROPONTE MAT NON IMMERSO portato a 1KM Lato Santos,MC,,,CA0002,,,0.049999999999999996,,,,HR,CUADRILLA ESCAVACION 2 Turno por dia,,,,,,,,,,,,,,,,,,,,,
,,,,,xxxxxx,,,0.01,0.0024999999999999988,,,HR,"CARGADORA S/NEUM DA 2,2 MC",,,,,,,,,,,,,,,,,,,,,
,,,,,xxxxxx,IH1021,,0.012499999999999999,,,,HR,OPERADOR DE EQUIP. PESADO 2 turno por dia,MANOVRE,Car,Andata,scarico,,,,,,,,,,,,,,,,,
,,,,,xxxxxx,IE5075,,0.0884981684981685,0.022124542124542124,,,HR,Dumper 25 Ton,2,8.4,24,2,24,60.4,13.938461538461532,74.33846153846153,,,,,,,,,,,,,
,,,,,xxxxxx,IH1021,,0.11062271062271062,,,,HR,OPERADOR DE EQUIP. PESADO 2 turno por dia,,,,,,,,,,,,,,,,,,,,,
CB0070,"16.4 DRAGAGEM / REMOÇÃO DE MATERIAL MARINHO (PROFUNDIDADES DE 15,0 A 32,0 m), INCLUSIVE TRANSPORTE E DEPOSIÇÃO EM LOCAL APROPRIADO (POLIGONO DE DEPOSIÇÃO OCEANICA)",MC,,,CA0002,,,0.03398477034137889,,,,HR,CUADRILLA ESCAVACION 2 Turno por dia,,,Costo R$/HR,,,25317.5978021978,,,,,,Produttivo,,Improduttivo,,,,,,,
,,,,,IE5066,,,0.0033984770341378887,1.6992385170689444e-05,,,HR,Marine Equipement for Dragagem - 15 / - 32 mt,,,25317.59,1071068,92156056,,,7 mesi * 1 sistema * 20 hr/gg * 26 gg/ mese),,,,25317.59,,23317.50039,,Anno EURO,Mesi,GG,HR / GG,,R$
,mc 1.071.068,,,,IH1017,IE5082,,0.016992385170689444,8.496192585344721e-05,,,HR,Driver Marine Equipement for Dragagem,R$ / H 77,,77,1071068,1401400,93557456,,7 mesi * 5 persone * 20 hr/gg * 26 gg/ mese),,,,,,,,80000,12,26,10,25.641025641025642,76.92307692307693
,,,,,CA0002,,,0.02912980314975333,,,,HR,CUADRILLA ESCAVACION 2 Turno por dia,,,,,,5987.5192307692305,,,,,,,,,,,,,,,
,,,,,IE5067,,,0.002912980314975333,,,,HR,Marine Equipement for Dragagem and service,,,5987.52,1071068,18681060,,,6 mesi * 1 sistema * 20 hr/gg * 26 gg/ mese),,,,5987.52,,5490.555840000001,,,,,,,
,,,,,IH1017,,,0.017477881889852,8.738940944925999e-05,,,HR,Driver Marine Equipement for Dragagem and service,R$ / H 77,,77,1071068,1441440,20122500,,6 mesi * 6 persone * 20 hr/gg * 26 gg/ mese),,,,,,,,,,,,,
CB0071,"16.5 DRAGAGEM / REMOÇÃO DE MATERIAL MARINHO (PROFUNDIDADES ATÉ 15,0 m), INCLUSIVE TRANSPORTE E DEPOSIÇÃO EM LOCAL APROPRIADO (POLIGONO DE DEPOSIÇÃO OCEANICA)",MC,,,CA0002,,,0.01783264746227709,,,,HR,CUADRILLA ESCAVACION 2 Turno por dia,,,Costo R$/HR,,,27863.769230769227,,,,,,,,,,,,,,,
,,,,,IE5068,,,0.0017832647462277093,8.916323731138546e-06,,,HR,Marine Equipement for Dragagem - 15,,,27863.77,583200,28978320,,,2 mesi *1 sistema * 20 HR/ GG * 26 gg/mese),,,,27863.77,,25634.668400000002,,,,,,,
,,,,,IH1017,,,0.008916323731138546,4.458161865569273e-05,,,HR,Driver Marine Equipement for Dragagem - 15,R$ / H 77,,77,583200,400400,29378720,,2 mesi * 5 Persone  * 20 HR/ GG * 26 gg/mese),,,,,,,,,,,,,
CB0072,ATERRO HIDRÁULICO COM AREIA (DRAGAGGIO) 16.6 + POSA A TERRA,MC,,,CA0002,,,,,,,HR,CUADRILLA ESCAVACION 2 Turno por dia,,,,,,,,,,,,,,,,,,,,,
,,,,,xxxxxx,,,0.011111111111111112,0.0012345679012345668,,,HR,"CARGADORA S/NEUM DA 2,2 MC",carico,,,,,,,,,,,,,,,,,,,,
,,,,,xxxxxx,IH1021,,0.012345679012345678,,,,HR,OPERADOR DE EQUIP. PESADO 2 turno por dia,,,,,,,,,,,,,,,,,,,,,
,,,,,xxxxxx,IE5075,,0.03571428571428571,0.008928571428571425,,,HR,Dumper 25 Ton,,,,,,,,,,,,,,,,,,,,,
,,,,,xxxxxx,IH1021,,0.04464285714285714,,,,HR,OPERADOR DE EQUIP. PESADO 2 turno por dia,,,,,,,,,,,,,,,,,,,,,
,,,,,xxxxxx,,,0.016666666666666666,0.004166666666666666,,,HR,"CARGADORA S/NEUM DA 2,2 MC",Posa,,,,,,,,,,,,,,,,,,,,
,,,,,xxxxxx,IH1021,,0.020833333333333332,,,,HR,OPERADOR DE EQUIP. PESADO 2 turno por dia,,,,,,,,,,,,,,,,,,,,,
,,,,,xxxxxx,,,0.016666666666666666,0.011111111111111113,,,HR,Terna,,,,,,,,,,,,,,,,,,,,,
,,,,,xxxxxx,IH1021,,0.02777777777777778,,,,HR,OPERADOR DE EQUIP. PESADO 2 turno por dia,,,,,,,,,,,,,,,,,,,,,
,,,,,xxxxxx,,,0.016666666666666666,0.008974358974358974,,,HR,Rullo,,,,,,,,,,,,,,,,,,,,,
,,,,,xxxxxx,IH1021,,0.02564102564102564,,,,HR,OPERADOR DE EQUIP. PESADO 2 turno por dia,,,,,,,,,,,,,,,,,,,,,
,,,,,IE5069,,,0.010252596949007414,0.00010356158534351005,,,HR,Marine Equipement for Dragagem e Lanciamento Areia,Scavo,,,,,,,,,,,,,,,,,,,,
,,,,,IH1017,,,0.041010387796029654,,,,HR,Driver Marine Equipement for Dragagem  e lanciamento Areia,,,,,,,,,,,,,,,,,,,,,
CB0073,"16.6 DRAGAGEM DE AREIA LAVADA, INCLUSIVE TRANSPORTE ATÉ O LOCAL DE APLICAÇÃO",MC,,,CA0002,,,,,,,HR,CUADRILLA ESCAVACION 2 Turno por dia,,,,,,5216.5,,,,,,Produttivo,,Improduttivo,,,,,,,
,,,,,IE5069,,,0.010252596949007414,0.00010356158534351005,,,HR,Marine Equipement for Dragagem e Lanciamento Areia,Scavo,,5216.51,177516,9494030,,,"3,5 mesi * 1 Sistema * 26 gg/ms * 20 HR/GG",,,,5216.51,,4804.40571,,,,,,,
,,,,,IH1017,,,0.041010387796029654,,,,HR,Driver Marine Equipement for Dragagem  e lanciamento Areia,,,77,177516,560560,10054590,,"3,5 mesi * 4 persone 26 gg/ms * 20 HR/GG ",,,,,,,,,,,,,
CB0074,16.3 LANÇAMENTO DE AREIA (ATERRO DO TÚNEL),MC,,,CA0002,IH1021,,0.044254386533698176,,,,HR,OPERADOR DE EQUIP. PESADO 2 turno por dia,,,,,,,,,,,,Produttivo,,Improduttivo,,,,,,,
,,,,,IE5069,,,0.005462255709302175,5.517430009396168e-05,,,HR,Marine Equipement for Dragagem e Lanciamento Areia,Lanc,,5216.51,154222,4068870,,,"1,5 mesi * 1 Sistema * 26 gg/ms * 20 HR/GG",,,,5216.51,,4804.40571,,,,,,,
,,,,,IH1017,,,0.020230576701119166,,,,HR,Driver Marine Equipement for Dragagem  e lanciamento Areia,,,77,154222,240240,4309110,,"1,5 mesi * 4 persone 26 gg/ms * 20 HR/GG ",,,,,,,,,,,,,
,,,,,HI1016,,,0.03540350922695854,,,,HR,SOMMOZZATORE,,,135,154222,737100,,,,,,,,,,,,,,,,
CB0075,16.1 FORNECIMENTO E TRANSPORTE DE RACHÃO (PROTEÇÃO DO TÚNEL),MC,,,CA0002,IH1021,,0.07028946372653651,,,,HR,OPERADOR DE EQUIP. PESADO 2 turno por dia,,,,,,,,,,,,,,,,,,,,,
,,,,,xxxxxx,IE5075,,1.1,,,,MC,Fornacimiento da Racho,,,,,,,,,,,,,,,,,,,,,
,,,,,xxxxxx,,,0.008903332072027956,0.004451666036013978,,,HR,"CAT 966 2,3 mc",,,,,,,,,,,,,,,,,,,,,
,,,,,xxxxxx,IH1021,,0.013354998108041935,,,,HR,OPERADOR DE EQUIP. PESADO 2 turno por dia,,,,,,,,,,,,,,,,,,,,,
,,,,,xxxxxx,,,0.013354998108041935,0.0007028946372653663,,,HR,"CAT 945 da 3,1 mc",,,,,,,,,,,,,,,,,,,,,
,,,,,xxxxxx,IH1021,,0.014057892745307301,,,,HR,OPERADOR DE EQUIP. PESADO 2 turno por dia,,,,,,,,,,,,,,,,,,,,,
CB0076,16.2 LANÇAMENTO DE RACHÃO (PROTEÇÃO DO TÚNEL),MC,,,CA0002,IH1021,,0.16667037638836335,,,,HR,OPERADOR DE EQUIP. PESADO 2 turno por dia,,,,,,4357.75,,,,,,Produttivo,,Improduttivo,,,,,,,
,,,,,IE5070,,,0.027778396064727224,0.0005669060421372892,,,HR,Marine Equipement for Lanciamento RACHAO,,,4357.75,112317.5,13596180,,,6 mesi * 1 Sistema * 26 gg/ms * 20 HR/GG,,,,4357.75,,4013.4877500000002,,,,,,,
,,,,,IH1017,,,0.1111135842589089,,,,HR,Driver Marine Equipement for Lanciamento RACHAO,,,77,112317.5,960960,14557140,,6 mesi * 4 persone 26 gg/ms * 20 HR/GG ,,,,,,,,,,,,,
,,,,,xxxxxx,,,0.037987550173985946,,,,HR,SOMMOZZATORE,,,135,112317.5,576000,,,,,,,,,,,,,,,,
,,,,,,,,,,,,,,,,,,,,,,,,,,,,,,,,,,
,,,,,,,Mesi ,3,,,,,,,,,,,,,,,,,,,,,,,,,,
,,,,,,,gg / mese,26,,,,,,,,,,,,,,,,,,,,,,,,,,
Indiretti,,,,,,,HR / GG,10,,,,,,,,,,,,,,,,,,,,,,,,,,
,,,,,,,,,,,,,,,,,,,,,,,,,,,,,,,,,,
CB0100,"23,3 DESMOBILIZAÇÃO DE CANTEIRO DE OBRAS",gb,,,CA0001,,,31200,,,,HR,CUADRILLA ESCAVACION ,,,,,,,,,,,,,,,,,,,,,
,,,,,2,,0.5,780,780,,,HR,Escavatore CAT 320 + martello,,,,,,,,,,,,,,,,,,,,,
,,,,,4,,0.6,1872,1248,,,HR,Pala CAT 950,,,,,,,,,,,,,,,,,,,,,
,,,,,4,,0.6,1872,1248,,,HR,Escavatore CAT 320 ,,,,,,,,,,,,,,,,,,,,,
,,,,,1,,0.5,390,390,,,HR,Dozer D 6,,,,,,,,,,,,,,,,,,,,,
,,,,,1,,0.5,390,390,,,HR,Grader,,,,,,,,,,,,,,,,,,,,,
,,,,,15,,0.7,8190,3510,,,HR,Dumper 25 Ton,,,,,,,,,,,,,,,,,,,,,
,,,,,2,,0.6,936,624,,,HR,Basso carico 40 TON,,,,,,,,,,,,,,,,,,,,,
,,,,,2,,0.6,936,624,,,HR,Water Tank 18000,,,,,,,,,,,,,,,,,,,,,
,,,,,4,,0.5,1560,1560,,,HR,Autogru 35 Ton,,,,,,,,,,,,,,,,,,,,,
,,,,,4,,0.8,2496,624,,,HR,Terna CAT 420,,,,,,,,,,,,,,,,,,,,,
,,,,,,IH0313,,30420,,,,HR,OPERADOR DE EQUIP. PESADO,,,,,,,,,,,,,,,,,,,,,
,,,,,,,,100,,,,MC,Conreto Rck 10,,,,,,,,,,,,,,,,,,,,,
,,,,,,,,800,,,,MC,Concreto Rck 30,,,,,,,,,,,,,,,,,,,,,
,,,,,,,,40000,,,,KG,Barra de ACO,,,,,,,,,,,,,,,,,,,,,
,,,,,,,,96,,,,MC,Madera,,,,,,,,,,,,,,,,,,,,,
,,,,,,,,1,,,,LS,Material Varios Local,360000,,,,,,,,,,,,,,,,,,,,
,,,,,,,,,,,,,,,,,,,,,,,,,,,,,,,,,,
,,,,,,,,,,,,,,,,,,,,,,,,,,,,,,,,,,
,,,,,,,,,,,,,,,,,,,,,,,,,,,,,,,,,,
,,,,,,,Mesi ,6,,,,,,,,,,,,,,,,,,,,,,,,,,
,,,,,,,gg / mese,26,,,,,,,,,,,,,,,,,,,,,,,,,,
Indiretti,,,,,,,HR / GG,10,,,,,,,,,,,,,,,,,,,,,,,,,,
,,,,,,,,,,,,,,,,,,,,,,,,,,,,,,,,,,
CB0101,"26,1 INSTALAÇÃO DE CANTEIRO DE OBRAS",gb,,,CA0001,,,78000,,,,HR,CUADRILLA ESCAVACION ,,,,,,,,,,,,,,,,,,,,,
,,,,,3,,0.5,2340,2340,,,HR,Escavatore CAT 320 + martello,,,,,,,,,,,,,,,,,,,,,
,,,,,4,,0.5,3120,3120,,,HR,Pala CAT 950,,,,,,,,,,,,,,,,,,,,,
,,,,,4,,0.5,3120,3120,,,HR,Escavatore CAT 320 ,,,,,,,,,,,,,,,,,,,,,
,,,,,1,,0.5,780,780,,,HR,Dozer D 6,,,,,,,,,,,,,,,,,,,,,
,,,,,1,,0.5,780,780,,,HR,Grader,,,,,,,,,,,,,,,,,,,,,
,,,,,15,,0.5,11700,11700,,,HR,Dumper 25 Ton,,,,,,,,,,,,,,,,,,,,,
,,,,,2,,0.5,1560,1560,,,HR,Basso carico 40 TON,,,,,,,,,,,,,,,,,,,,,
,,,,,3,,0.5,2340,2340,,,HR,Water Tank 18000,,,,,,,,,,,,,,,,,,,,,
,,,,,4,,0.5,3120,3120,,,HR,Autogru 35 Ton,,,,,,,,,,,,,,,,,,,,,
,,,,,4,,0.5,3120,3120,,,HR,Terna CAT 420,,,,,,,,,,,,,,,,,,,,,
,,,,,,IH0313,,63960,,,,HR,OPERADOR DE EQUIP. PESADO,,,,,,,,,,,,,,,,,,,,,
,,,,,,,,18000,,,,MC,Sub Base,,,,,,,,,,,,,,,,,,,,,
,,,,,,,,9000,,,,MC,Base,,,,,,,,,,,,,,,,,,,,,
,,,,,,,,1850,,,,MQ,CONTRACTOR OFFICE,777,,,,,,,,,,,,,,,,,,,,
,,,,,,,,320,,,,MQ,ENG. OFFICE,789,,,,,,,,,,,,,,,,,,,,
,,,,,,,,880,,,,MQ,CANTEEN ,900,,,,,,,,,,,,,,,,,,,,
,,,,,,,,192,,,,MQ,CLINIC,1329,,,,,,,,,,,,,,,,,,,,
,,,,,,,,384,,,,MQ,LABORATORY,5916,,,,,,,,,,,,,,,,,,,,
,,,,,,,,544,,,,MQ,WARE HOUSE,1002,,,,,,,,,,,,,,,,,,,,
,,,,,,,,900,,,,MQ,WORK SHOP,609,,,,,,,,,,,,,,,,,,,,
,,,,,,,,288,,,,MQ,JOINERY,429,,,,,,,,,,,,,,,,,,,,
,,,,,,,,450,,,,MQ,STEEL YARDA,822,,,,,,,,,,,,,,,,,,,,
,,,,,,,,75,,,,MQ,GATE KEEPER,675,,,,,,,,,,,,,,,,,,,,
,,,,,,,,216,,,,MQ,DRESSING ROOM,1131,,,,,,,,,,,,,,,,,,,,
,,,,,,,,90,,,,MQ,BATH ROOM,1464,,,,,,,,,,,,,,,,,,,,
,,,,,,,,540,,,,MQ,PARK,600,,,,,,,,,,,,,,,,,,,,
,,,,,,,,2,,,,NR,WEIGHT SYSTEM,105000,,,,,,,,,,,,,,,,,,,,
,,,,,,,,1,,,,LS,Hardware ,1161000,,,,,,,,,,,,,,,,,,,,
,,,,,,,,1,,,,NR,Impianto illuminaziomne,1800000,,,,,,,,,,,,,,,,,,,,
,,,,,,,,1,,,,NR,Impianto distribuzione Energia Elettrica,930000,,,,,,,,,,,,,,,,,,,,
,,,,,,,,1,,,,NR,Impinto Antifurto,158400,,,,,,,,,,,,,,,,,,,,
,,,,,,,,670,,,,MC,Conreto Rck 10,,,,,,,,,,,,,,,,,,,,,
,,,,,,,,1400,,,,MC,Concreto Rck 30,,,,,,,,,,,,,,,,,,,,,
,,,,,,,,70000,,,,KG,Barra de ACO,,,,,,,,,,,,,,,,,,,,,
,,,,,,,,168,,,,MC,Madera,,,,,,,,,,,,,,,,,,,,,
CB0102,"26,2 OPERAÇÃO E MANUTENÇÃO DE CANTEIRO DE OBRAS",,,,,,,1,,,,LS,Rent Land - Santos,11101860,,,,,,,,,,,,,,,,,,,,
,,,,,,,,1,,,,LS,Rent Land - Guaruja,19445800,,,,,,,,,,,,,,,,,,,,
,,,,,,,,44,,,,MS,Viglilante,60000,,,,,,,,,,,,,,,,,,,,
,,,,,,,,878,585.3333333333335,,,HR,Rullo compattator,,,,,,,,,,,,,,,,,,,,,
,,,,,,,,760,409.2307692307693,,,HR,Dumper 25 Ton,,,,,,,,,,,,,,,,,,,,,
,,,,,,,,7600,4463.492063492064,,,HR,Water Tank 18000,,,,,,,,,,,,,,,,,,,,,
,,,,,,IH0313,,14696.056166056165,,,,HR,OPERADOR DE EQUIP. PESADO,,,,,,,,,,,,,,,,,,,,,
,,,,,,,,91200,,,,MC,Agua,,,,,,,,,,,,,,,,,,,,,
