3 - 705,Unnamed: 1,Unnamed: 2,Unnamed: 3,Unnamed: 4
Cod. Insumo              ,Desc. Insumo             ,Unid. Insumo             ,Preco Insumo             ,Preco Improd.            
IE0001,TRATOR DE ESTEIRAS : NEW HOLLAND : 7D - COM LÂMINA,H,123.7328,20.5962
IE0002,TRATOR DE ESTEIRAS : CATERPILLAR : D6N - COM LÂMINA,H,178.5126,20.5962
IE0003,TRATOR DE ESTEIRAS : CATERPILLAR : D8T - COM LÂMINA,H,392.9867,20.5962
IE0005,MOTOSCRAPER : CATERPILLAR : 621H -,H,438.2318,20.5962
IE0006,MOTONIVELADORA : CATERPILLAR : 120K -,H,153.4794,20.5962
IE0007,TRATOR AGRÍCOLA : MASSEY FERGUSON : MF 4291/4 449A -,H,72.8389,15.4471
IE0009,"CARREGADEIRA DE PNEUS : CATERPILLAR : 924H - 1,80 M3",H,123.8771,20.5962
IE0010,"CARREGADEIRA DE PNEUS : CATERPILLAR : 950H - 3,3 M3",H,204.9757,20.5962
IE0011,RETROESCAVADEIRA : MASSEY FERGUSON : MF-86HS - DE,H,77.4726,20.5962
IE0013,ROLO COMPACTADOR : DYNAPAC : CA-250-P - PÉ DE CARNEIRO,H,116.1012,15.4471
IE0014,TRATOR DE ESTEIRAS : CATERPILLAR : D8T - COM,H,403.4299,20.5962
IE0015,TRATOR DE ESTEIRAS : CATERPILLAR : D8T - COM,H,195.71,20.6
IE0016,"CARREGADEIRA DE PNEUS : CASE : W-20 E - 1,91 M3",H,130.7064,20.5962
IE0055,ROLO COMPACTADOR : CATERPILLAR : CS423E - PÉ DE CARNEIRO,H,76.98,15.45
IE0056,ROLO COMPACTADOR : DYNAPAC : CT-300 - PÉ DE CARNEIRO,H,193.64,15.45
IE0062,ESCAVADEIRA HIDRÁULICA : CATERPILLAR : 336DL - COM,H,257.8047,20.6687
IE0063,ESCAVADEIRA HIDRÁULICA : CATERPILLAR : 320DL - C/ EST.,H,152.6443,20.6687
IE0065,"DRAGA DE SUCÇÃO : DIVERSOS : - P/ EXTRAÇÃO DE AREIA 6""",H,101.3074,0
IE0066,CHATA - 25M3 : DIVERSOS : - COM REBOCADOR,H,146.126,16.2449
IE0101,GRADE DE DISCOS : MARCHESAN : - GA 24 X 24,H,2.8341,0
IE0102,ROLO COMPACTADOR : DYNAPAC : CC-424HF - TANDEN VIBRAT.,H,109.9044,15.4471
IE0103,"ROLO COMPACTADOR : CATERPILLAR : CS-563 E - LISO, VIBRAT.",H,125.16,15.45
IE0104,"ROLO COMPACTADOR : DYNAPAC : CC-224HF - LISO, TANDEN",H,92.5526,15.4471
IE0105,ROLO COMPACTADOR : CATERPILLAR : PS-360 C - DE PNEUS,H,114.3858,15.4471
IE0106,USINA MISTURADORA : CIFALI : - DE SOLOS 300 T/H,H,93.7816,20.6687
IE0107,VASSOURA MECÂNICA : CMV : VM 2440 - REBOCÁVEL,H,4.65,0
IE0108,DISTRIBUIDOR DE AGREGADOS : CMV : - REBOCÁVEL,H,3.6876,0
IE0109,DISTRIBUIDOR DE AGREGADOS : ROMANELLI : DAR-5000 -,H,152.2896,20.5962
IE0110,TANQUE DE ESTOCAGEM DE ASFALTO : CIFALI : - 30.000 L,H,18.5245,0
IE0111,EQUIP. DISTRIBUIÇÃO DE ASFALTO : FERLEX : - MONTADO EM,H,119.5858,15.8097
IE0112,AQUECEDOR DE FLUIDO TÉRMICO : TENGE : TH III -,H,101.2871,0
IE0113,USINA DE ASFALTO A QUENTE : CIFALI : DMC-2 - 40 / 60 T/H,H,228.3668,0
IE0114,VIBRO-ACABADORA DE ASFALTO : CIFALI : VDA-421 - SOBRE PNEUS,H,145.4915,20.6687
IE0115,USINA MISTURADORA : TEREX : UPM F 60 - PRÉ MIST. A FRIO 60,H,49.9222,20.6687
IE0116,USINA MISTURADORA : CIFALI : - PRÉ MIST. A FRIO 30/60 T/H,H,32.3782,20.6687
IE0117,ROLO COMPACTADOR : MULLER : RT82H - ESTÁTICO TANDEN,H,60.8756,15.4471
IE0118,"ROLO COMPACTADOR : DYNAPAC : CC900 - TANDEN VIBRAT. 1,6 T",H,43.8928,15.4471
IE0119,ROLO COMPACTADOR : DYNAPAC : CP 224 - DE PNEUS ESTAT.,H,96.8147,15.4471
IE0121,ROLO COMPACTADOR : DYNAPAC : CA150 STD - LISO,H,79.8247,15.4471
IE0122,EQUIP. DISTRIBUIÇÃO LAMA ASFÁLTICA : M. BENZ/CONSMAQ :,H,164.8973,15.8097
IE0123,CALDEIRA DE ASFALTO REBOCÁVEL : ALMEIDA : CAD 1500 -,H,10.0068,0
IE0124,USINA DE ASFALTO A QUENTE : CIFALI : - GRAVIM 100/140 T/H,H,557.083,20.67
IE0126,FRESADORA A FRIO : WIRTGEN : W 100 -,H,385.2072,20.6687
IE0127,FRESADORA A FRIO : WIRTGEN : W 200 -,H,889.5422,20.6687
IE0128,RECICLADORA DE PAVIMENTO : WIRTGEN : WR 2000 - A FRIO,H,545.793,20.67
IE0129,RECICLADORA DE PAVIMENTO : WIRTGEN : WR 2500 S - A FRIO,H,794.5415,20.6687
IE0138,ESTABILIZADOR/RECICLADORA A FRIO : CATERPILLAR : RM-500 -,H,582.301,20.6687
IE0139,ROLO COMPACTADOR : DYNAPAC : CA250 - LISO AUTO. VIBRAT.,H,102.6286,15.4471
IE0142,ROLO COMPACTADOR : DYNAPAC : CP274 - DE PNEUS,H,104.8595,15.4471
IE0147,USINA DE ASFALTO A QUENTE : CIFALI : CIFALI MAGNUM 120 -,H,280.6931,20.6687
IE0149,VIBRO-ACABADORA DE ASFALTO : TEREX : TEREX VDA 600 -,H,160.1343,20.6687
IE0151,ROLO COMPACTADOR : CATERPILLAR : PS-360 C - AUTOPROP. DE,H,99.5,15.45
IE0153,"RECICLADORA DE PAVIMENTO : WIRTGEN : - A QUENTE ""IN SITU""",H,0,0
IE0156,CARREGADEIRA DE PNEUS : CASE : SR 175 - C/ VASSOURA SPS,H,100.9771,20.5962
IE0160,FRESADORA E DISTRIBUIDORA DE SOLO : GOMACO : 9500 - PARA,H,354.841,20.6687
IE0161,EQUIP. DISTR. DE L.A. RUPT. CONTR. : M. BENZ/CIFALI :,H,280.5578,16.2449
IE0201,COMPRESSOR DE AR : ATLAS COPCO : XAHS 157PD - 295 PCM,H,71.009,15.4471
IE0202,COMPRESSOR DE AR : ATLAS COPCO : XAS 187PD - 400 PCM,H,76.2217,15.4471
IE0203,COMPRESSOR DE AR : ATLAS COPCO : XAS 360 CUD - 762 PCM,H,124.8824,15.4471
IE0204,MARTELETE : ATLAS COPCO : RH658-6L - PERFURATRIZ MANUAL,H,16.6508,15.4471
IE0205,PERFURATRIZ SOBRE ESTEIRAS : ATLAS COPCO : ROC 442PC -,H,35.037,15.4471
IE0206,CONJUNTO DE BRITAGEM : DIVERSOS : NW80 100HPS-A-30,H,362.9112,20.6
IE0207,CONJUNTO DE BRITAGEM : FAÇO : C-130 - 9 A 20 M3/H,H,50.69,20.6
IE0208,COMPRESSOR DE AR : ATLAS COPCO : XAHS 107PD - 200 PCM,H,50.7935,15.4471
IE0209,MARTELETE : ATLAS COPCO : TEX270 PS - ROMPEDOR 28 KG,H,16.6793,15.4471
IE0210,MARTELETE : ATLAS COPCO : TEX32 PS - ROMPEDOR 33 KG,H,16.6584,15.4471
IE0211,MÁQUINA PARA PINTURA : SHULZ : CSL 10/100 L - COMPRES. DE,H,1.0765,0
IE0223,COMPRESSOR DE AR : ATLAS COPCO : XATS 167PD - 360 PCM,H,68.9878,15.4471
IE0225,CONJUNTO DE BRITAGEM : METSO SVEDALA : C96/HP-200 - 80,H,515.2323,20.5962
IE0226,CONJUNTO DE BRITAGEM - P/ RACHÃO : METSO SVEDALA : DS-96,H,191.1312,20.5962
IE0301,BETONEIRA : MENEGOTTI : - 400 L,H,18.6106,15.4471
IE0302,BETONEIRA : MENEGOTTI : - 400 L,H,17.5982,15.4471
IE0303,BETONEIRA : ALFA : - 750 L,H,23.7669,15.4471
IE0304,TRANSPORTADOR MANUAL : AJS : - CARRINHO DE MÃO 80 L,H,0.1423,0
IE0305,TRANSPORTADOR MANUAL : AJS : A-15 - GERICA 180 L,H,0.8647,0
IE0306,VIBRADOR DE CONCRETO : DIVERSOS : VIP-MT2 - DE,H,16.6966,15.4471
IE0307,"FÁBRIC. PRÉ-MOLDADO CONCRETO : SERVIMAQ : - TUBOS D=0,2",H,4.7669,0
IE0308,"FÁBRIC. PRÉ-MOLDADO CONCRETO : SERVIMAQ : - TUBOS D=0,3",H,5.2005,0
IE0309,"FÁBRIC. PRÉ-MOLDADO CONCRETO : SERVIMAQ : - TUBOS D=0,4",H,5.5086,0
IE0310,"FÁBRIC. PRÉ-MOLDADO CONCRETO : SERVIMAQ : - TUBOS D=0,6",H,6.5329,0
IE0311,"FÁBRIC. PRÉ-MOLDADO CONCRETO : SERVIMAQ : - TUBOS D=0,8",H,6.9887,0
IE0312,"FÁBRIC. PRÉ-MOLDADO CONCRETO : SERVIMAQ : - TUBOS D=1,0",H,6.8668,0
IE0313,"FÁBRIC. PRÉ-MOLDADO CONCRETO : SERVIMAQ : - TUBOS D=1,2",H,7.4051,0
IE0314,"FÁBRIC. PRÉ-MOLDADO CONCRETO : SERVIMAQ : - TUBOS D=1,5",H,7.0274,0
IE0316,FÁBRIC. PRÉ-MOLDADO CONCRETO : SERVIMAQ : - INST. COMPL. -,H,2.4278,0
IE0317,FÁBRIC. PRÉ-MOLDADO CONCRETO : SERVIMAQ : - INST. COMPL. -,H,2.8948,0
IE0318,FÁBRIC. PRÉ-MOLDADO CONCRETO : SERVIMAQ : - INST. COMPL. -,H,3.5938,0
IE0323,CENTRAL DE CONCRETO : CIFALI : - 30M3/H - DOSADORA,H,56.3009,20.67
IE0330,ESPALHADORA DE CONCRETO : GOMACO : PS 2600 -,H,284.1034,20.6687
IE0331,ACABADORA DE CONCRETO : GOMACO : GP-2600 - COM FORMA,H,395.4847,20.6687
IE0332,TEXTURIZADORA E LANÇADORA : GOMACO : TC 400 - SEM,H,110.3581,15.4471
IE0333,SERRA DE DISCO DIAMANTADO : NORTON : C13-E - PARA,H,31.221,15.4471
IE0334,SELADORA DE JUNTAS : CRAFCO : EZ SERIE LL 500 -,H,34.8492,15.4471
IE0335,CENTRAL DE CONCRETO : CIBI : UNI-5 - 180M3 / H - DOSADORA E,H,452.9869,20.6687
IE0336,SERRA DE DISCO DIAMANTADO : CSM - MAQ. E EQUIP. PARA,H,5.3175,0
IE0337,"RÉGUA VIBRATÓRIA : WEBER : RV 4 - 4,25M",H,18.2776,15.4471
IE0338,SERRA DE JUNTAS : CLIPPER : DRW CLIPPER C 13 E - PARA,H,25.929,15.4471
IE0339,FÁBRIC. PRÉ-MOLDADO CONCRETO : SERVIMAQ : - PLACAS P/,H,3.9909,0
IE0340,JATEADORA DE AREIA : ANCO : ANCO BLAST CSS270 -,H,18.677,15.4471
IE0343,BETONEIRA : MENEGOTTI : CSN CS - 600 L,H,25.6914,15.4471
IE0400,CAMINHÃO BASCULANTE : MERCEDES BENZ : ATEGO 1518/36 -,H,83.0914,15.8097
IE0401,"CAMINHÃO CARROCERIA : M. BENZ / RODOEIXO : STANDART P/ 5,50",H,93.1939,15.8097
IE0402,CAMINHÃO CARROCERIA : MERCEDES BENZ : 2726 K - DE,H,126.5139,15.8097
IE0403,CAMINHÃO BASCULANTE : MERCEDES BENZ : LK 1620 - 6 M3 -,H,113.1024,15.8097
IE0404,CAMINHÃO BASCULANTE : MERCEDES BENZ : 2726 K - 10 M3 -,H,130.8727,15.8097
IE0405,CAMINHÃO BASCULANTE : MERCEDES BENZ : 2726 K - P/ ROCHA,H,135.2462,15.8097
IE0406,CAMINHÃO TANQUE : MERCEDES BENZ : ATEGO 1418/42 -,H,94.6976,15.8097
IE0407,CAMINHÃO TANQUE : MERCEDES BENZ : 2726 K - 10.000 L,H,130.5393,15.8097
IE0408,CAMINHÃO CARROCERIA : MERCEDES BENZ : 710 / 37 - 4 T,H,63.5659,15.8097
IE0409,CAMINHÃO CARROCERIA : MERCEDES BENZ : ATEGO 1418/42 -,H,91.9211,15.8097
IE0410,CAMINHÃO BASCULANTE : MERCEDES BENZ : 1215 C - 4 M3 -,H,85.5261,15.8097
IE0411,CAVALO MECÂNICO COM REBOQUE : M. BENZ/RANDON :,H,167.1303,16.2449
IE0412,VEÍCULO LEVE : VOLKSWAGEN : GOL 1000 - AUTOMÓVEL ATÉ 100,H,50.0569,12.1111
IE0416,VEÍCULO LEVE : CHEVROLET : S10 - PICK UP (4X4),H,58.3102,12.1111
IE0421,CAMINHÃO TANQUE : MERCEDES BENZ : 2726 K - 13.000 L,H,130.6067,15.8097
IE0422,CAMINHÃO TANQUE : MERCEDES BENZ : L1620/51 - 8.000 L,H,93.6815,15.8097
IE0427,CAMINHÃO BETONEIRA : VOLKSWAGEN : CONSTELLATION,H,144.4094,15.8097
IE0432,CAMINHÃO BASCULANTE : VOLVO : FMX 6X4R - 40 T,H,190.2637,15.8097
IE0433,CAMINHÃO BASCULANTE : MERCEDES BENZ : 2726 - PARA ROCHA,H,196.7741,15.8097
IE0434,CAMINHÃO CARROCERIA : MERCEDES BENZ : L 1620/51 - C/,H,91.3352,15.8097
IE0501,GRUPO GERADOR : HEIMER : GEHM-40 - 36/40 KVA,H,35.0765,15.4471
IE0502,GRUPO GERADOR : HEIMER : GEHM-150 - 136 / 150 KVA,H,82.9187,15.4471
IE0503,GRUPO GERADOR : HEIMER : GEHM-180 - 164 / 180 KVA,H,97.4965,15.4471
IE0504,GRUPO GERADOR : HEIMER : GEHMB-360 - 288 KVA,H,141.1866,15.4471
IE0505,"GRUPO GERADOR : HEIMER : GEHB-17 KVA - 17,0 / 15,5 KVA",H,25.3572,15.4471
IE0507,GRUPO GERADOR : HEIMER : GEHP-110 - 100 / 110 KVA,H,64.0977,15.4471
IE0508,GRUPO GERADOR : PRAMAC : BL 6500 E - MANUAL/ELETRICO,H,22.6282,15.4471
IE0509,"GRUPO GERADOR : HEIMER : GEHMI-40 - 32,0 KVA",H,32.6949,15.4471
IE0601,ROÇADEIRA : M. FERGUSON / MARCHESAN : RAC 2 1700 BALDAN,H,74.1736,15.4471
IE0602,ROÇADEIRA : YANMAR : XTA-TC145 - EM MICRO TRATOR,H,25.0613,15.4471
IE0603,ROÇADEIRA : STIHL : FS-220 - MECÂNICA (COSTAL),H,19.0642,15.45
IE0901,CAMPÂNULA DE AR COMPRIMIDO : BHEMEL : - 3 M3,H,8.6596,0
IE0902,BATE-ESTACAS : MAGAM : IM-750 PM - DE GRAVIDADE P/ 600 A,H,31.38,15.45
IE0903,BATE-ESTACAS : MAGAM : IM -1450 PM/E - DE GRAVIDADE P/,H,134.9784,15.4471
IE0904,MÁQUINA DE BANCADA : MAKSIWA : SCMA - SERRA CIRCULAR DE,H,1.8306,0
IE0905,MÁQUINA MANUAL : TIRFOR : TU-L 30 - TALHA GUINCHO PARA 3 T,H,0.2885,0
IE0906,COMPACTADOR MANUAL : WACKER : ES 60 - SOQUETE VIBRATÓRIO,H,19.406,15.4471
IE0907,CONJUNTO MOTO-BOMBA : HERO : 180-SH-75 - COM MOTOR,H,15.8645,0
IE0908,MÁQUINA PARA PINTURA : CONSMAQ : - PINTURA A FRIO,H,116.7826,15.8097
IE0909,EQUIP. PARA HIDROSEMEADURA : M. BENZ/CONSMAQ : 1420 -,H,113.0047,15.8097
IE0910,MÁQUINA MANUAL : BOSCH : 1361 - ESMERILHADEIRA DE DISCO,H,0.0979,0
IE0911,TRIPÉ-SONDA : MAQUESONDA : MACH 850 - TRIPÉ-SONDA COM,H,29.5217,0
IE0912,MÁQUINA MANUAL : BOSCH : GBS 20-2 - FURADEIRA ELÉTRICA DE,H,0.5268,0
IE0914,COMPACTADOR MANUAL : WACKER : VP-2050 Y - PLACA,H,18.1684,15.4471
IE0915,VASSOURA MECÂNICA : M. BENZ/CONSMAQ : - EQUIP.,H,82.9311,15.81
IE0916,MÁQUINA MANUAL : STIHL : MS-381 - MOTO SERRA Nº 8,H,22.5397,15.4471
IE0917,MÁQUINA DE BANCADA : FRANHO : - C-6A UNIVERSAL DE CORTE P/,H,19.9791,15.4471
IE0918,MÁQUINA DE BANCADA : HARLO : VF-8 - PRENSA EXCÊNTRICA,H,5.4694,0
IE0919,MÁQUINA DE BANCADA : COR DOB IND. E COM. DE MÁQUINAS :,H,6.5785,0
IE0920,MÁQUINA PARA PINTURA : ELGIMAQ : COM ASPERSÃO/EXTRUSÃO -,H,139.498,15.8097
IE0921,FUSOR : ELGIMAQ : - 500 L,H,29.632,0
IE0922,MARTELETE : BOSCH : GBH 5-40 DCE - PERFURADOR/ ROMPEDOR,H,16.2255,15.4471
IE0923,"MÁQUINA MANUAL : BOSCH : GWS 22U 7"" - LIXADEIRA ELETRICA",H,1.0699,0
IE0924,EQUIP. PARA SOLDA : MAX BANTAM : BANTAM 250 SERRALHEIRO -,H,3.3946,0
IE0925,APLICADOR DE MATERIAL TERMOPLÁSTICO : ELGIMAQ : -,H,22.3903,0
IE2001,COMP.P/EQUIPAMENTO:CATERPILLAR D8R - TRATOR DE ESTEIRAS,H,385.8681,20.5962
IE2002,COMP.P/EQUIPAMENTO:CATERPILLAR R-8 - ESCARIFICADOR,H,17.5618,0
IE2003,"COMP. P/ VEÍCULOS: MERCEDES BENZ : 1215 C - CHASSIS 7,1 T",H,81.2745,15.8097
IE2004,"COMP. P/ VEÍCULOS: MERCEDES BENZ : L1620/51 CHASSIS 9,3 T",H,87.8169,15.8097
IE2005,"COMP. P/ VEÍCULOS: MERCEDES BENZ : L 1620 6X2 CHASSIS 10,5",H,107.7991,15.8097
IE2007,"COMP. P/ VEÍCULOS: MERCEDES BENZ : 710/37 - CHASSIS 4,0 T",H,60.5609,15.8097
IE2009,COMP. P/ VEÍCULOS: MERCEDES BENZ : LS 1634/45 - CAV. MEC.,H,141.6049,16.2449
IE2010,COMP. P/ VEÍCULOS: RANDON : SRCS-03 - SEMI-REBOQUE,H,25.5254,0
IE2011,COMP. P/ VEÍCULOS: ROSSETTI : 4 M3 - CAÇAMBA BASCULANTE 4 m3,H,4.2516,0
IE2012,COMP. P/ VEÍCULOS: ROSSETTI : 6 M3 - CAÇAMBA BASCULANTE 6 m3,H,5.3033,0
IE2013,COMP. P/ VEÍCULOS: ROSSETTI : 10 M3- CAÇAMBA BASCULANTE 10m3,H,6.198,0
IE2014,COMP. P/ VEÍCULOS: ROSSETTI : 5 M3 - CAÇAMBA BASCULANTE 5 m3,H,4.1816,0
IE2015,"COMPONENTE PARA VEÍCULOS : DIVERSOS : STAMDART 5,5 M3 -",H,14.2841,0
IE2016,COMP. P/ VEÍCULOS: DIVERSOS : 6.000 L - TANQUE DE AGUA,H,6.8807,0
IE2017,COMP. P/ VEÍCULOS: DIVERSOS : 10.000 L - TANQUE DE AGUA,H,5.8646,0
IE2018,COMP. P/ VEÍCULOS: CIFALI : 6.000 L / HE-C - TANQUE ASF.,H,11.7867,0
IE2019,COMP. P/ VEÍCULOS: DIVERSOS : CIFALI: ESPARGIDORA-ACESSORIOS,H,4.448,0
IE2020,"COMP. P/ VEÍCULOS: MAMBRINI : L 2318/51 - CARROC. MAD 7,0 m",H,1.8392,0
IE2021,"COMP. P/ VEÍCULOS: MAMBRINI : 709/37 - CARROC. MAD. 4,5 m",H,3.005,0
IE2022,COMP. P/ EQUIPAMENTO : CIFALI PURIFICADOR DE AR 40/60 T/H,H,59.2872,20.67
IE2023,COMP. P/ EQUIPAMENTO: CIFALI USINA DE ASFALTO 40/60 T/H,H,228.3668,0
IE2024,COMP. P/ EQUIPAMENTO: DIVERSOS VIBRADOR DE IMERSAO P/ CONCR.,H,15.7328,15.4471
IE2025,COMP. P/ EQUIPAMENTO: DIVERSOS VIP-MT2 - MOTOR P/ACIONAMENTO,H,0.9638,0
IE2026,COMP. P/ VEÍCULOS: CONSMAQ : HS-06 - EQUIP. P/ HIDROSSEMEAD,H,34.0949,0
IE2027,COMP. P/ EQUIPAMENTO: BOSCH : 1361 - ESMERILHADEIRA ANGULAR,H,0.0972,0
IE2028,"COMP. P/ EQUIPAMENTO: ITAMBE : CA-21/8"" - DISCO DE CORTE",H,0.0007,0
IE2029,COMP. P/EQUIPAMENTO:MAQUESONDA MACH/850 - SONDA ROTATIVA,H,28.33,0
IE2030,COMP. P/EQUIPAMENTO:MAQUESONDA 361.01 Nº 0007 - TRIPE P/SONDA,H,1.1917,0
IE2031,COMP. P/ VEÍCULOS: IDEROL : - EIXO TANDEM TIPO CORSO,H,4.6425,0
IE2032,COMP. P/ VEÍCULOS: MERCEDES BENZ : 2423 K - CHASSIS 15 T,H,124.6747,15.8097
IE2033,"COMP. P/ VEÍCULOS: MERCEDES BENZ : 1420 - CHASSIS 8,8 T",H,78.9098,15.8097
IE2036,COMP. P/ EQUIPAMENTO: BHEMEL : P/ 3 M3 - CAMPÂNULA DE AR COMP,H,3.7419,0
IE2037,COMP. P/ EQUIPAMENTO: BHEMEL : P/ 3 M3 - RESERVATÓRIO DE AR,H,2.1381,0
IE2038,COMP. P/ EQUIPAMENTO: BHEMEL : P/ 3M3 - CÂMARA DE DESCOMP.,H,2.7796,0
IE2041,COMP. P/ VEÍCULOS: CONSMAQ : 6M3 - VARREDORA E ASPIRAD AA-4,H,39.3709,0
IE2057,COMP. P/ VEÍCULOS: DIVERSOS : ROAT 2 - 1700 - ROÇADEIRA,H,1.3347,0
IE2059,COMP. P/ VEÍCULOS: CONSMAQ : LA-3 - EQUIP. P/ LAMA ASF.3 m3,H,40.2226,0
IE2063,COMP. P/ VEÍCULOS: MAMBRINI : CARROCERIA DE MADEIRA 7 t,H,3.0105,0
IE2065,"COMP. P/ VEÍCULOS: MAMBRINI : CARROC. MADEIRA 5,4 M - 10 T",H,4.1042,0
IE2067,COMP.P/EQUIPAMENTO:CATERPILLAR 8 SU - LÂMINA P/ TRATOR D8R,H,7.1186,0
IE2070,COMP. P/ EQUIPAMENTO: SERVIMAQ MESA VIBR. 2X1 M MOTOR 3 CV,H,2.25,0
IE2073,COMP. P/ EQUIPAMENTO: SERVIMAQ RETO - FORMA P/ MOURAO,H,0.1778,0
IE2075,COMP. P/ EQUIPAMENTO: SERVIMAQ FORMA PARA PLACAS PRE-MOLD.,H,0.223,0
IE2083,COMP. P/ EQUIPAMENTO: SERVIMAQ CARRO P/ TRANSP DE PRE-MOLD.,H,0.375,0
IE2084,COMP. P/ EQUIPAMENTO: SERVIMAQ CAVALETE MÓVEL (MANUAL),H,1.1429,0
IE2086,COMP. P/ EQUIPAMENTO: CIFALI : PURIFICADOR DE AR 100/140 T/H,H,67.9016,20.67
IE2087,COMP. P/ EQUIPAMENTO: CIFALI : USINA ASFALTO 100/100/140 T/H,H,489.1814,0
IE2088,"COMP. P/ EQUIPAMENTO: SERVIMAQ C/ 30 ANÉIS FORMA P/TUBO D=0,2",H,3.249,0
IE2089,"COMP. P/ EQUIPAMENTO: SERVIMAQ C/ 30 ANÉIS FORMA P/TUDO D=0,3",H,3.6826,0
IE2090,"COMP. P/ EQUIPAMENTO: SERVIMAQ C/ 30 ANÉIS FORMA P/TUBO D=0,4",H,3.9907,0
IE2091,"COMP. P/ EQUIPAMENTO: SERVIMAQ C/ 30 ANÉIS FORMA P/TUDO D=0,6",H,5.015,0
IE2092,"COMP. P/ EQUIPAMENTO: SERVIMAQ C/ 20 ANÉIS FORMA P/TUBO D=0,8",H,5.4708,0
IE2093,"COMP. P/ EQUIPAMENTO: SERVIMAQ C/ 15 ANÉIS FORMA P/TUBO D=1,0",H,5.3489,0
IE2094,"COMP. P/ EQUIPAMENTO: SERVIMAQ C/ 10 ANÉIS FORMA P/TUBO D=1,2",H,5.8872,0
IE2095,"COMP. P/ EQUIPAMENTO: SERVIMAQ C/ 5 ANÉIS FORMA P/TUBO D=1,5",H,5.5095,0
IE2096,COMP. P/ VEÍCULOS: DIVERSOS : 13000 L - TANQUE DE AGUA,H,5.932,0
IE2097,COMP. P/ VEÍCULOS: DIVERSOS : 8000 L - TANQUE DE AGUA,H,5.8646,0
IE2098,COMP. P/ VEÍCULOS: VOLKSWAGEN 17210 - 17 T - CHASSI CAMINHAO,H,124.9264,15.8097
IE2099,COMP. P/ VEÍCULOS: CIBI : 5M3 BETONEIRA 5M3 P/ CAMINHAO,H,19.483,0
IE2100,COMP. P/ VEÍCULOS: VOLVO : FM 12 6X4 LC CHASSIS CAMINHAO,H,182.8139,15.8097
IE2101,COMP. P/ VEÍCULOS: ROSSETTI : 12M3/14M3 - CAÇAMBA BASCULANTE,H,7.4498,0
IE2102,COMP. P/ VEÍCULOS: ROSSETTI : 12M3 - CAÇAMBA BASCULANTE,H,13.9602,0
IE2103,COMP. P/ VEÍCULOS: MADAL-PALFI NGER : MD-11605 - GUINDASTE,H,9.4149,0
IE2105,COMP. P/ VEÍCULOS: RANDON: 8M3 CAÇAMBA BASCULANTE P/ ROCHA,H,10.5715,0
IE2106,MÁQUINA PARA PINTURA : ELGIMAQ : EGM-CAF-800L - PINTURA,H,37.8728,0
IE2107,MÁQUINA PARA PINTURA : ELGIMAQ : EGM-FA 1500 L - PARA,H,60.5882,0
IE2108,COMP. P/ EQUIPAMENTO: CIFALI : MULTIFLEX P/ 12M3 SEMI-REBOQUE,H,138.9529,0
IE2109,COMP. P/ EQUIPAMENTO: SERVIMAQ FORMA P/ BALIZADOR,H,0.6448,0
IE2110,COMP. P/ EQUIPAMENTO: SERVIMAQ FORMA P/ GUARDA-CORPO,H,1.3438,0
IH0000,SALÁRIO MÍNIMO,H,7.2522,0
IH0001,CAPATAZ,H,14,
IH0002,MAESTRO 1°,H,12,
IH0003,MAESTRO 2°,H,10,
IH0004,AYUDANTE,H,9,
IH0301,MOTORISTA DE VEÍCULO LEVE,H,12.1111,0
IH0302,MOTORISTA DE CAMINHÃO,H,15.8097,0
IH0303,MOTORISTA DE VEÍCULO ESPECIAL,H,16.2449,0
IH0311,OPERADOR DE EQUIPAMENTO LEVE 1,H,15.4471,0
IH0312,OPERADOR DE EQUIPAMENTO LEVE 2,H,15.4471,0
IH0313,OPERADOR DE EQUIP. PESADO,H,20.5962,0
IH0314,OPERADOR DE EQUIP. ESPECIAL,H,20.6687,0
IH0401,PRÉ-MARCADOR,H,12.4737,0
IH0501,ENCARREGADO DE TURMA,H,26.7605,0
IH0511,ENCARREG. DE PAVIMENTAÇÃO,H,38.5816,0
IH0512,ENCARREGADO DE BRITAGEM,H,38.5816,0
IH0601,BLASTER,H,26.7605,0
IH0602,MONTADOR,H,13.4165,0
IH0603,CARPINTEIRO,H,12.4737,0
IH0604,PEDREIRO,H,12.4737,0
IH0605,ARMADOR,H,12.4737,0
IH0606,FERREIRO,H,12.4737,0
IH0607,PINTOR,H,12.4737,0
IH0608,SOLDADOR,H,16.9701,0
IH0609,JARDINEIRO,H,9.5729,0
IH0610,SERRALHEIRO,H,12.4737,0
IH0701,SERVENTE,H,8.9927,0
IH0702,AJUDANTE,H,9.5729,0
IH0801,PERFURADOR DE TUBULÃO,H,12.4737,0
IM0001,GASOLINA,L,2.94,0
IM0002,OLEO DIESEL,L,2.29,0
IM0003,OLEO COMBUSTÍVEL 1A,L,1.97,0
IM0004,ALCOOL,L,2.3,0
IM0005,ENERGIA ELÉTRICA,KWH,0.48,0
IM0006,LUBRIFICANTES Y GRASAS,KG,5.725,0
IM0101,CIMENTO ASFÁLTICO CAP 50/70,T,0,0
IM0102,CIMENTO ASFÁLTICO CAP 30/45,T,0,0
IM0103,ASFALTO DILUÍDO CM-30,T,0,0
IM0104,EMULSÃO ASFÁLTICA RR-1C,T,0,0
IM0105,EMULSÃO ASFÁLTICA RR-2C,T,0,0
IM0106,EMULSÃO ASFALTICA RR1C C/ POLÍMERO,T,0,0
IM0107,EMULSÃO ASFÁLTICA RM-1C,T,0,0
IM0108,EMULSÃO ASFÁLTICA RM1C C/ POLÍMERO,T,0,0
IM0109,EMULSÃO ASFÁLTICA RL-1C,T,0,0
IM0110,EMULSÃO POLIM. P/ MICRO-REV. A FRIO,T,0,0
IM0111,ADIFLEX,KG,3.7,0
IM0112,ADISOL,KG,4,0
IM0114,BETUPEN AR75,T,0,0
IM0115,ADIFLEX,T,0,0
IM0116,ADISOL,T,0,0
IM0117,BETUPEN AR75,T,0,0
IM0118,CAP 50/70 - ASFALTO BORRACHA,T,0,0
IM0201,CIMENTO PORTLAND CP II-32(A GRANEL),KG,0.3,0
IM0202,CIMENTO PORTLAND CP II-32,KG,0.3778,0
IM0203,"TUBO DE CONCR ARMADO D=0,60M PA-1",M,111.04,0
IM0204,"TUBO DE CONCR ARMADO D=0,80M PA-1 M",1,183.61,0
IM0205,"TUBO DE CONCR ARMADO D=1,00M PA-1",M,269.78,0
IM0206,"TUBO DE CONCR ARMADO D=1,20M PA-1",M,368.75,0
IM0207,"TUBO DE CONCR ARMADO D=1,50M PA-1",M,568.98,0
IM0208,"TUBO DE CONCR ARMADO D=0,60M PA-2",M,136.77,0
IM0209,"TUBO DE CONCR ARMADO D=0,80M PA-2",M,215.44,0
IM0210,"TUBO DE CONCR ARMADO D=1,00M PA-2",M,345.04,0
IM0211,"TUBO DE CONCR ARMADO D=1,20M PA-2",M,473,0
IM0212,"TUBO DE CONCR ARMADO D=1,50M PA-2",M,721.75,0
IM0213,"TUBO DE CONCR ARMADO D=0,60M PA-3",M,161.39,0
IM0214,"TUBO DE CONCR ARMADO D=0,80M PA-3",M,280.33,0
IM0215,"TUBO DE CONCR ARMADO D=1,00M PA-3",M,406.79,0
IM0216,"TUBO DE CONCR ARMADO D=1,20M PA-3",M,562.7,0
IM0217,"TUBO DE CONCR ARMADO D=1,50M PA-3",M,816.48,0
IM0218,"TUBO DE CONCR ARMADO D=0,60M PA-4",M,203.06,0
IM0219,"TUBO DE CONCR ARMADO D=0,80M PA-4",M,332.49,0
IM0220,"TUBO DE CONCR ARMADO D=1,00M PA-4",M,564.8,0
IM0221,"TUBO DE CONCR ARMADO D=1,20M PA-4",M,709.64,0
IM0222,"TUBO DE CONCR ARMADO D=1,50M PA-4",M,1105.76,0
IM0307,"CORDOALHA CP-190 RB D=12,7MM",KG,4.89,0
IM0319,ARAME RECOZIDO Nº. 18,KG,5.56,0
IM0320,PREGOS DE FERRO 18X30,KG,4.87,0
IM0321,ARAME FARPADO Nº. 16 GALV. SIMPLES,M,0.3685,0
IM0322,GRAMPO PARA CERCA GALVANIZADO 1 X 9,KG,4.2,0
IM0323,"CANTONEIRA DE AÇO 4"" X 4"" X 3/8""",KG,4.29,0
IM0324,PÓRTICO METÁLICO (15 A 17M DE VÃO),UN,31341.9,0
IM0325,TRILHO METÁLICO TR-37 (USADO),KG,3.44,0
IM0326,SÉRIE DE BROCAS S-12 D=22 MM,UN,725.76,0
IM0328,LUVA DE EMENDA D=32MM,UN,69.92,0
IM0330,CALHA MET. SEMICIRCULAR D=40 CM,M,144.51,0
IM0331,"PARAF. FIXAÇÃO CALHA MET. (1/2""X1"")",UN,3.07,0
IM0332,"PARAFUSO 1/2"" X 3"" COM PORCA,",KG,3.32,0
IM0334,"PARAF. ZINC. C/ FENDA 1 1/2""X3/16""",UN,0.1,0
IM0335,"PARAF. ZINCADO FRANCÊS 4"" X 5/16""",UN,0.97,0
IM0338,"TUBO DE FERRO GALVANIZADO D=3/4""",M,12,0
IM0339,"CANTONEIRA FERRO 2 1/2""X2 1/2""X3/8""",KG,3.44,0
IM0340,TAMPÃO DE FERRO FUNDIDO,UN,370.97,0
IM0341,DEFENSA MET. MALEÁVEL SIMPLES,MOD,968,0
IM0342,DEFENSA MET. MALEÁVEL DUPLA,MOD,1200,0
IM0343,DEFENSA MET. SEMI-MALEÁVEL SIMPLES,MOD,664,0
IM0344,DEFENSA MET. SEMI-MALEÁVEL DUPLA,MOD,1140,0
IM0345,CHAPA DE AÇO N. 28 FINA GALVANIZADA,KG,4.04,0
IM0346,CHAPA DE AÇO N. 16 (TRATADA),M2,44.03,0
IM0347,DENTE P/ FRESADORA W-1000 L,UN,18.5,0
IM0348,PORTA DENTE P/ FRESADORA W-1000 L,UN,200.41,0
IM0349,DENTE P/ FRESADORA W-1900,UN,21.47,0
IM0350,PORTA DENTE P/ FRESADORA W-1900,UN,210.3,0
IM0351,"ESTRUT. (TUNNEL LINER) D=1,6M GALV.",M,1736.51,0
IM0352,"ESTRUT. (TUNNEL LINER) D=2,0M GALV.",M,2395.36,0
IM0353,"ESTRUT. (TUNNEL LINER) D=1,6M EPOXY",M,1823.89,0
IM0354,"ESTRUT, (TUNNEL LINER) D=2,0M EPOXY",M,2401.39,0
IM0355,"CHAPA MULT. D=1,60 M REV. GALV.",M,925.29,0
IM0356,"CHAPA MULT. D=2,00 M REV. GALV.",M,1294.34,0
IM0357,"CHAPA MULT. D=1,60 M REV. EPOXY",M,925.29,0
IM0358,"CHAPA MULT. D=2,00 M REV. EPOXY",M,1294.34,0
IM0359,"PERFIL "" I "" W 254MM X 37,80 KG/M",KG,3.99,0
IM0360,"BUEIRO CHAPA MÚLT. D=3,05M E=2,70MM",M,3566.08,0
IM0361,"ESTRUT.(TUNNEL LINER) D=1,2M GALV.",M,1292.59,0
IM0362,"ESTRUT. (TUNNEL LINER) D=1,2M EPOXY",M,1357.87,0
IM0363,BLOCO DE DESGASTE P/ RECICLADORAS,UN,1204.54,0
IM0364,PORTA DENTES P/RECICLADORAS,UN,276.62,0
IM0365,DENTE DE CORTE (W6/22) P/ RECICLAD.,UN,48.65,0
IM0366,DENTE DE CORTE (W7/22) P/ RECICLAD.,UN,64.88,0
IM0367,PARAFUSO FIXAÇÃO PORTA DENTE,UN,31.85,0
IM0368,PLUG PROTEÇÃO PARAFUSO P/RECICLAD.,UN,1.98,0
IM0369,ANEL BORRACHA P/ASSENTO PORTA DENTE,UN,2.1,0
IM0370,BAINHA METÁLICA DIAM. INT.=45MM MAC,M,17.77,0
IM0371,BAINHA METÁLICA DIAM. INT.=60MM MAC,M,28.88,0
IM0372,BAINHA METÁLICA DIAM. INT.=55MM MAC,M,23.33,0
IM0373,BAINHA METÁLICA DIAM. INT.=70MM MAC,M,29.99,0
IM0374,"ANCORAGEM P/ CABO 4V D=1/2"" MAC",CJ,374.81,0
IM0375,"ANCORAGEM P/ CABO 6V D=1/2"" MAC",CJ,468.03,0
IM0376,"ANCORAGEM P/ CABO 7V D=1/2"" MAC",CJ,593.87,0
IM0377,"ANCORAGEM P/ CABO 12V D=1/2"" MAC",CJ,925.92,0
IM0378,APOIO DO PORTA DENTE FREZAD. W 200,UN,871.71,0
IM0380,BAINHA METÁLICA D=45MM STUP,M,20.05,0
IM0381,BAINHA METÁLICA D=60MM STUP,M,28.94,0
IM0382,BAINHA METÁLICA D=55MM STUP,M,24.48,0
IM0383,BAINHA METÁLICA D=70MM STUP,M,32.27,0
IM0384,"ANCORAGEM P/ CABO 4V D=1/2"" STUP",CJ,374.81,0
IM0385,"ANCORAGEM P/ CABO 6V D=1/2"" STUP",CJ,468.03,0
IM0386,"ANCORAGEM P/ CABO 7V D=1/2"" STUP",CJ,593.87,0
IM0387,"ANCORAGEM P/ CABO 12V D=1/2"" STUP",CJ,925.92,0
IM0390,PORCA DE ANCORAGEM D=32MM,UN,25.43,0
IM0391,CONTRA PORCA H=35MM D=32MM,UN,33.22,0
IM0392,AÇO ST 85/105 D=32MM,M,73.12,0
IM0393,PLACA DE ANCORAGEM - 200X200X38MM,UN,198.28,0
IM0394,BAINHA METÁLICA D=40MM,M,13.44,0
IM0395,BITS P/ ESTABIL. E RECICL. RM-300,UN,29.28,0
IM0396,PORTA DENTE P/ EST. E REC. RM-300,UN,46.79,0
IM0397,DENTE DE CORTE PARA EQUIP. RECICL.,UN,0,0
IM0398,"CHAPA DE 8,00 MM",KG,3.88,0
IM0401,PONTALETES D=15 CM (TRONCO P/ ESC.),M,7.94,0
IM0402,PONTALETES D=20 CM (TRONCO P/ ESC.),M,5.85,0
IM0403,"MOURÃO MADEIRA H=2,10 M D=0,10 M",UN,12.77,0
IM0404,"MOURÃO MADEIRA H=2,20 M D=0,15 M",UN,17.47,0
IM0405,"RIPAS DE 2,5 CM X 5,0 CM",M,1.55,0
IM0406,"CAIBROS DE 7,5 CM X 7,5 CM",M,5.15,0
IM0407,"TÁBUA DE 1ª 2,5 CM X 15,0 CM",M,3.43,0
IM0408,"TÁBUA DE 3ª 2,5 CM X 30,0 CM",M,6.86,0
IM0409,"PRANCHÃO DE 1ª DE 5,0 CM X 30,0 CM",M,31.33,0
IM0410,COMPENSADO RESINADO DE 17 MM,M2,12.814,0
IM0411,COMPENSADO PLASTIFICADO DE 17 MM,M2,10.9966,0
IM0412,"GASTALHO 10 X 2,0 CM",M,1.83,0
IM0413,"GASTALHO 10 X 2,5 CM",M,1.83,0
IM0414,"PRANCHÃO 7,5 X 30,0 CM",M,38.98,0
IM0415,"TÁBUA 2,5 X 22,5 CM",M,6.86,0
IM0416,MADEIRA DE LEI,M3,2160,0
IM0417,SUPORTE ECOL. SINALIZ. QUADRADO 8CM,M,68.5,0
IM0418,"SUPORTE ECOL. SINALIZ. D=6,5CM",M,67.08,0
IM0501,DINAMITE A 60% (GELATINA ESPECIAL),KG,3.99,0
IM0503,ESPOLETA COMUM N. 8,UN,0.91,0
IM0505,CORDEL DETONANTE NP 10,M,1.12,0
IM0507,RETARDADOR DE CORDEL,UN,14.63,0
IM0508,ESTOPIM,M,1.2,0
IM0600,TINTA REFLETIVA ACRÍLICA P/ 1 ANO,L,14.07,0
IM0601,TINTA REFLETIVA ACRÍLICA,L,12.2072,0
IM0602,ADUBO NPK (4.14.8),KG,0.97,0
IM0603,INSETICIDA,L,0,0
IM0604,ADITIVO PLASTIMENT BV-40,KG,4.2598,0
IM0605,COLA PARA TUBO PVC,GR,0.0343,0
IM0606,TINTA ANTI-CORROSIVA,L,13.625,0
IM0607,OLEO DE LINHAÇA,L,4.9874,0
IM0608,DETERGENTE,L,2.8289,0
IM0609,TINTA ESMALTE SINTÉTICO SEMI-FOSCO,L,16.5389,0
IM0610,PINTURA EPÓXICA - BARRA D= 32MM,M,8.25,0
IM0611,REDUTOR TIPO 2002 PRIM. QUALIDADE,L,8.2811,0
IM0612,LIXA PARA FERRO N. 100,UN,1.19,0
IM0613,TINTA A BASE DE RESINA ALQUÍDICA,L,11.13,0
IM0614,TINTA BASE RES. ACRILICA EMUL. AGUA,L,19.7822,0
IM0615,MICROESFERAS PRE-MIX,KG,5.62,0
IM0616,MICROESFERAS DROP-ON,KG,4.7,0
IM0617,MASSA TERMOPLÁSTICA PARA EXTRUSÃO,KG,5.904,0
IM0618,MASSA TERMOPLÁSTICA PARA ASPERSÃO,KG,5.904,0
IM0619,COLA POLIESTER,KG,16.37,0
IM0620,PROTETOR DE CURA DO CONCRETO,KG,3.6293,0
IM0621,DESMOLDANTE,L,0.1148,0
IM0622,INTERPLAST N,KG,4.838,0
IM0623,GÁS PROPANO,KG,3.48,0
IM0624,TINTA PARA PRÉ-MARCAÇÃO,L,14.4644,0
IM0625,ACETILENO,KG,22.02,0
IM0626,OXIGÊNIO,M3,6,0
IM0630,TERMOPLÁSTICO PRÉ-FORMADO,M2,93.58,0
IM0700,"TIJOLO COMUM (5,5X10X20) CM",UN,0.63,0
IM0702,CAL HIDRATADA,KG,0.22,0
IM0703,TIJOLO 20 X 30 CM,UN,0.8002,0
IM0704,AREIA LAVADA,M3,71.89,0
IM0705,PÓ DE PEDRA,M3,69.11,0
IM0709,BRITA CORRIDA,M3,47.18,0
IM0710,PEDRA DE MÃO,M3,75.17,0
IM0711,BRITA GRADUADA USINA - BGSU,M3,34,0
IM0712,BRITA GRAD. TRAT. C/ CIMENTO - BGTC,M3,68,0
IM0715,PÓ CALCÁRIO DOLOMÍTICO,KG,0.13,0
IM0801,MOURÃO DE CONCRETO CURVO P/CERCAS,UN,36.52,0
IM0802,MOURÃO DE CONCRETO RETO P/CERCAS,UN,36.52,0
IM0803,POSTE ESTICADOR,UN,24,0
IM0804,POSTE CURVO,UN,26,0
IM0901,APARELHO DE APOIO NEOPRENE FRETADO,DM3,62.88,0
IM0902,TUBO DE PVC D=75 MM,M,10.3733,0
IM0903,GEOTÊXTIL NÃO TECIDO AGULHADO RT-09,M2,2.67,0
IM0904,GEOTÊXTIL NÃO TECIDO AGULHADO RT-14,M2,4.73,0
IM0905,FILLER,KG,0.19,0
IM0906,SEMENTES P/ HIDROSSEMEADURA,KG,6.53,0
IM0907,ADUBO ORGÂNICO,KG,0.1784,0
IM0908,ELETRODO E7018,KG,11,0
IM0909,TUBO DE PVC PERFURADO D= 150 MM,M,21.0833,0
IM0910,TUBO DE PVC RÍGIDO D=50 MM,M,4.6333,0
IM0911,TUBO DE PVC D=100 MM,M,10.3733,0
IM0912,TUBO DRENO PEAD ESPIRALADO D=80MM,M,18.4862,0
IM0913,TUBO DRENO PEAD ESPIRALADO D=100MM,M,21.0022,0
IM0914,TUBO DRENO PEAD ESPIRALADO D= 170MM,M,29.5067,0
IM0915,TUBO DRENO PEAD ESPIRALADO D= 230MM,M,84.0083,0
IM0920,MEIO TUBO DE CONCRETO D=40 CM,M,25.22,0
IM0921,"GABIÃO CAIXA 2X1X0,50M ZN/AL",UN,183.97,0
IM0922,GABIÃO CAIXA 2X1X1M ZN/AL UN,2,277.08,0
IM0923,GABIÃO CAIXA 2X1X1M ZN/AL+PVC,UN,323.92,0
IM0924,"GABIÃO CAIXA 2X1X0,50M ZN/AL+PVC",UN,231.68,0
IM0925,GABIÃO SACO ZN/AL+PVC,UN,173.75,0
IM0926,"GABIÃO COLCHÃO ZN/AL+PVC 4X2X0,23M",UN,545.11,0
IM0927,"GABIÃO COLCHÃO ZN/AL+PVC 4X2X0,30M",UN,667.34,0
IM0928,"MALHA 8X10 D=2,7MM ZN/AL",UN,1098.83,0
IM0929,"MALHA 8X10 D=2,4MM ZN/AL+PVC",UN,1225.61,0
IM0930,GABIÃO CAIXA 2X1X1M ZINCO/ALUMÍNIO,UN,0,0
IM0935,TERRA ARM. ECE - GREIDE 0<H<6M,M2,0,0
IM0936,TERRA ARM. ECE - GREIDE 6<H<9M,M2,0,0
IM0937,TERRA ARM. ECE - GREIDE 9<H<12M,M2,0,0
IM0938,TERRA ARM. ECE- PÉ TALUDE 0<H<6M,M2,0,0
IM0939,TERRA ARM. ECE- PÉ TALUDE 6<H<9M,M2,0,0
IM0940,TERRA ARM. ECE- PÉ TALUDE 9<H<12M,M2,0,0
IM0941,TERRA ARM. ECE-ENC. PORTANTE 0<H<6M,M2,0,0
IM0942,TERRA ARM. ECE-ENC. PORTANTE 6<H<9M,M2,0,0
IM0945,HASTE PARA PERFURATRIZ DE ESTEIRA,UN,843.26,0
IM0946,LUVA PARA PERFURATRIZ DE ESTEIRA,UN,145.15,0
IM0947,PUNHO PARA PERFURATRIZ DE ESTEIRA,UN,767.34,0
IM0948,COROA PARA PERFURATRIZ DE ESTEIRA,UN,315.08,0
IM0949,DISCO DIAM. SERRA ASFALTO SD8-034,UN,16.55,0
IM0950,COROA IMPREGNADA NWG,UN,671.9,0
IM0951,CALIBRADOR DIAMANTADO NWG,UN,474.28,0
IM0952,MOLA RETENTORA NWG,UN,39.03,0
IM0953,BARRILETE SIMPLES NGW5,UN,284.04,0
IM0954,HASTE PAREDES PARALELAS C/ NIPLES,UN,431.21,0
IM0955,COROA PASTILHA NWG,UN,286.6,0
IM0956,SAPATA PASTILHA NW,UN,243.11,0
IM0957,REVESTIMENTO NW10,UN,457.55,0
IM0958,CALIBRADOR PASTILHA NWG,UN,220.35,0
IM0960,FIO DE NYLON N. 040,M,0.0132,0
IM0961,GEOCOMPOSTO DRENANTE VERTICAL,M2,13.14,0
IM0962,DRENO FIBROQUÍMICO (GEODRENO),M,1.48,0
IM0963,TELA P/ CONT. DE EROSÃO SUPERFICIAL,M2,19.46,0
IM0968,"COROA P/ PERFURATRIZ 4""",UN,0,0
IM0969,PELÍCULA REFLETIVA LENTES EXPOSTAS,M2,63.03,0
IM0970,PELÍCULA REFLETIVA LENTES INCLUSAS,M2,147.89,0
IM0971,DISPOSITIVO ANTI-OFUSCANTE,M,160.2,0
IM0972,TACHA REFLETIVA MONODIRECIONAL,UN,12.54,0
IM0973,TACHA REFLETIVA BIDIRECIONAL,UN,14.3,0
IM0974,TACHÃO REFLETIVO MONODIRECIONAL,UN,39.83,0
IM0975,TACHÃO REFLETIVO BIDIRECIONAL,UN,42.24,0
IM0976,BAGUETE LIMITADOR DE POLIETILENO,M,1.12,0
IM0977,SELANTE ASFÁLTICO POLIMERIZADO,L,2.09,0
IM0980,INDENIZAÇÃO DE JAZIDA,M3,0.01,0
IM0982,ISOPOR DE 5CM DE ESPESSURA,M2,190.4,0
IM0983,DISCO DIAM. P/ MÁQ. DE DISCO 6KW,UN,337.19,0
IM0984,CHUMBADORES,PÇ,21.3333,0
IM0985,TUBO PLÁSTICO PARA PURGADORES,M,2.99,0
IM0986,TACHA REFL. VIDRO TEMP. 180º BRCA,UN,14.25,0
IM0987,TACHA REFL. VIDRO TEMP. 360° BRCA,UN,14.25,0
IM0988,TACHA REFL. VIDRO TEMP. 360º AMAREL,UN,16.4,0
IM0996,MATERIAL DEMOLIDO,T,0,0
IM0997,MATERIAL FRESADO,T,0,0
IM0998,MADEIRA,T,0,0
IM0999,MATERIAL RETIRADO DA PISTA,T,0,0
IN0001,"AÇO D=4,2 MM CA 25",KG,3.28,0
IN0002,"AÇO D=6,3 MM CA 25",KG,3.28,0
IN0003,AÇO D=10 MM CA 25,KG,3.28,0
IN0004,"AÇO D=6,3 MM CA 50",KG,3.44,0
IN0005,AÇO D=10 MM CA 50,KG,3.44,0
IN0006,"AÇO D=4,2 MM CA 60",KG,3.31,0
IN0007,"AÇO D=5,0 MM CA 60",KG,3.31,0
IN0008,"AÇO D=6,0 MM CA 60",KG,3.31,0
IN0009,MANDÍBULA MÓVEL P/ BRITADOR 6240C,U/H,16.5045,0
IN0010,MANDÍBULA FIXA P/ BRITADOR 6240C,U/H,28.7189,0
IN0011,REVESTIMENTO MÓVEL P/ BRITADOR 60TS,U/H,7.7528,0
IN0012,REVESTIMENTO FIXO P/ BRITADOR 60TS,U/H,7.3233,0
IN0013,"AÇO CA 50 D=12,5MM (1/2"")",KG,3.44,0
IN0019,MANDÍBULA FIXA P/ BRITADOR 4230,UN,20.6667,0
IN0020,MANDÍBULA MÓVEL P/ BRITADOR 4230,UN,35.2,0
IN0025,MANDÍBULA MÓVEL C96 STANDART,U/H,34.7996,0
IN0026,MANDÍBULA FIXA C96 STANDART,U/H,23.811,0
IN0027,MANTA HP200,U/H,30.7432,0
IN0028,REVESTIMENTO BOJO STD HP200,U/H,24.8895,0
IN0029,CUNHA LATERAL SUPERIOR C96,U/H,20.1747,0
IN0030,CUNHA LATERAL INFERIOR C96,U/H,21.4051,0
IN0035,BRITA 1,M3,69.49,0
IN0036,BRITA 2,M3,69.49,0
IN0037,BRITA 3,M3,69.49,0
IN0801,BOMBA HIDRÁULICA ALTA PRESSÃO MAC,H,39.305,0
IN0802,BOMBA ELETR P/ INJEÇÃO DE NATA MAC,H,28.1275,0
IN0803,MACACO P/ PROTENSÃO MAC,H,37.4025,0
IN0804,MACACO P/ PROTENSÃO MAC 12,H,40.175,0
IN0805,MACACO P/ PROTENSÃO MAC 4,H,35.7638,0
IN0807,BOMBA HIDR. ALTA PRESSÃO STUP,H,61.58,0
IN0808,BOMBA ELETR. INJEÇÃO DE NATA STUP,H,63.6988,0
IN0809,MACACO P/ PROTENSÃO STUP,H,57.8425,0
IN0810,MACACO P/ PROTENSÃO STUP,H,66.6638,0
IN0811,MACACO P/ PROTENSÃO STUP,H,63.2612,0
IN0812,MACACO P/ PROTENSÃO STUP,H,55.8262,0
IN0813,MACACO P/ PROT. DE TIRANTE D=32MM,H,27.7238,0
IN0814,INJEÇÃO DE NATA DE CIMENTO,M,11.82,0
IN0943,TERRA ARMADA - MOLDES METÁLICOS,M3,55.56,0
IP0001,AMORTIZACION EQUIPO,VA,1,
IP0002,REPUESTOS PARA MAQUINARIA,VA,1,
IP0003,NEUMATICOS,VA,1,
IT0001,CIMENTO PORTLAND CP II-32,T,0,0
IT0002,RACHÃO OU PEDRA-DE-MÃO PRODUZIDOS-(CONST E REST),T,0,0
IT0003,AREIA EXTRAÍDA COM ESCAVADEIRA HIDRÁULICA,T,0,0
IT0004,PEDRA DE MÃO,T,0,0
IT0005,AREIA COMERCIAL,T,0,0
IT0006,CAL HIDRATADA,T,0,0
IT0007,TIJOLO 20 X 30 CM,T,0,0
IT0008,BRITA PRODUZIDA EM CENTRAL DE BRITAGEM DE 80 M3/H,T,0,0
IT0009,BRITA COMERCIAL,T,0,0
IT0010,ESCAV. E CARGA DE MATER. DE JAZIDA(CONST E RESTR),T,0,0
IT0011,USINAGEM DE SOLO-BRITA,T,0,0
IT0012,USINAGEM DE SOLO-BRITA BC,T,0,0
IT0013,USINAGEM DE BRITA GRADUADA,T,0,0
IT0014,USINAGEM DE BRITA GRADUADA BC,T,0,0
IT0015,USINAGEM DE SOLO-CIMENTO,T,0,0
IT0016,USINAGEM DE SOLO MELHORADO COM CIMENTO.,T,0,0
IT0017,ASFALTO DILUÍDO CM-30,T,0,0
IT0018,EMULSÃO ASFÁLTICA RR-1C,T,0,0
IT0019,EMULSÃO ASFÁLTICA RR-2C,T,0,0
IT0020,EMULSAO ASFALTICA RR1C COM POLIMERO,T,0,0
IT0021,EMULSÃO ASFÁLTICA RM-1C,T,0,0
IT0022,USINAGEM DE P.M.F.,T,0,0
IT0023,USINAGEM DE P.M.F. AC/BC,T,0,0
IT0024,CIMENTO ASFÁLTICO CAP 50/70,T,0,0
IT0025,FILLER,T,0,0
IT0026,USINAGEM DE AREIA-ASFALTO,T,0,0
IT0027,USINAGEM DE AREIA-ASFALTO AC,T,0,0
IT0028,USINAGEM DE CBUQ (CAPA DE ROLAMENTO),T,0,0
IT0029,USINAGEM DE CBUQ (BINDER),T,0,0
IT0030,USINAGEM DE CBUQ (CAPA DE ROLAMENTO) AC/BC,T,0,0
IT0031,USINAGEM DE CBUQ (BINDER) AC/BC,T,0,0
IT0032,USINAGEM PARA SUB-BASE DE CONCRETO ROLADO,T,0,0
IT0033,USINAGEM P/ SUB-BASE DE CONCRETO ROLADO AC/BC,T,0,0
IT0034,USINAGEM P/ SUB-BASE DE CONCR. DE CIMENTO PORTLAND,T,0,0
IT0035,USINAGEM P/SUB-BASE DE CONCR.CIMENTO PORTL. AC/BC,T,0,0
IT0036,AREIA EXTRAÍDA COM DRAGA DE SUCÇÃO (TIPO BOMBA),T,0,0
IT0037,USINAGEM P/ CONC. DE CIM. PORTLAND C/ FORMA DESLIZ,T,0,0
IT0038,USINAGEM P/ CONC.CIM.PORTL.C/ FORMA DESLIZ AC/BC,T,0,0
IT0039,ADITIVO PLASTIMENT BV-40,T,0,0
IT0040,USINAGEM P/ CONC.CIM. PORTLAND C/ EQUIP. PEQ. POR.,T,0,0
IT0041,USINAGEM P/CONC.CIM. PORTL.C/ EQUIP.PEQ.POR.AC/BC,T,0,0
IT0042,FABRICAÇÃO DE PEÇAS PRÉ MOLD. DE CONC. P/ PAVIM.,T,0,0
IT0043,FABRIC.DE PEÇAS PRÉ MOLD.DE CONC. P/PAVIM.AC/BC,T,0,0
IT0044,MADEIRA,T,0,0
IT0045,FORNECIMENTO DE AÇO CA-50,T,0,0
IT0046,"PERFIL "" I "" W 250MM X 17,9KG/M",T,0,0
IT0047,TRILHO METÁLICO TR-37 (USADO),T,0,0
IT0048,CANTONEIRA DE ACO 4x4x3/8,T,0,0
IT0049,"CORDOALHA CP-190 RB D=12,7MM",T,0,0
IT0050,"ANCORAGEM P/ CABO 4V D=1/2"" MAC",T,0,0
IT0051,"ANCORAGEM P/ CABO 6V D=1/2"" MAC",T,0,0
IT0052,"ANCORAGEM P/ CABO 7V D=1/2"" MAC",T,0,0
IT0053,"ANCORAGEM P/ CABO 12V D=1/2"" MAC",T,0,0
IT0054,"ANCORAGEM P/ CABO 4V D=1/2"" STUP",T,0,0
IT0055,"ANCORAGEM P/ CABO 6V D=1/2"" STUP",T,0,0
IT0056,"ANCORAGEM P/ CABO 7V D=1/2"" STUP",T,0,0
IT0057,"ANCORAGEM P/ CABO 12V D=1/2"" STUP",T,0,0
IT0058,"CONFECÇÃO DE TUBOS DE CONCRETO ARMADO D=0,60M CA-4",T,0,0
IT0059,"CONFECÇÃO DE TUBOS DE CONCRETO ARMADO D=0,80M CA-4",T,0,0
IT0060,"CONFECÇÃO DE TUBOS DE CONCRETO ARMADO D=1,00M CA-4",T,0,0
IT0061,"CONFECÇÃO DE TUBOS DE CONCRETO ARMADO D=1,20M CA-4",T,0,0
IT0062,"CONFECÇÃO DE TUBOS DE CONCRETO ARMADO D=1,50M CA-4",T,0,0
IT0063,"CONFECÇÃO DE TUBOS CONCR.ARMADO D=0,60M CA-4",T,0,0
IT0064,"CONFECÇÃO DE TUBOS CONCR.ARMADO D=0,80M CA-4",T,0,0
IT0065,"CONFECÇÃO DE TUBOS CONCR.ARMADO D=1,00M CA-4",T,0,0
IT0066,"CONFECÇÃO DE TUBOS CONCR.ARMADO D=1,20M CA-4",T,0,0
IT0067,"CONFECÇÃO DE TUBOS CONCR.ARMADO D=1,50M CA-4",T,0,0
IT0068,RACHÃO OU PEDRA-DE-MÃO COMERCIAL (CONT E REST)/ PC,T,0,0
IT0069,ESCORAMENTO DE BUEIROS CELULARES,T,0,0
IT0070,BRITA PRODUZIDA EM CENTRAL DE BRITAGEM DE 30 M3/H,T,0,0
IT0071,"CHAPA MULT. D=1,60 M REV. GALV.",T,0,0
IT0072,"CHAPA MULT. D=2,00 M REV. GALV.",T,0,0
IT0073,"CHAPA MULT. D=1,60 M REV. EPOXY",T,0,0
IT0074,"CHAPA MULT. D=2,00 M REV. EPOXY",T,0,0
IT0075,"BUEIRO CHAPA MÚLT. D=3,05M E=2,70MM",T,0,0
IT0076,"ESTRUT. (TUNNEL LINER) D=1,2M EPOXY",T,0,0
IT0077,"ESTRUT. (TUNNEL LINER) D=1,6M GALV.",T,0,0
IT0078,"ESTRUT. (TUNNEL LINER) D=2,0M GALV.",T,0,0
IT0079,"ESTRUT. (TUNNEL LINER) D=1,6M EPOXY",T,0,0
IT0080,"ESTRUT, (TUNNEL LINER) D=2,0M EPOXY",T,0,0
IT0081,OBTENÇÃO DE GRAMA PARA REPLANTIO,T,0,0
IT0082,"CONFECÇÃO DE TUBOS DE CONCRETO POROSO D=0,20M",T,0,0
IT0083,"CONFECÇÃO DE TUBOS DE CONCRETO PERFURADO D=0,20M",T,0,0
IT0084,"CONFECÇÃO DE TUBOS DE CONCR.POROSO D=0,20M AC/BC",T,0,0
IT0085,"CONFECÇÃO TUBOS CONCR.PERFURADO D=0,20M AC/BC",T,0,0
IT0086,ESCAVAÇÃO MANUAL EM MATERIAL DE 1A CATEGORIA,T,0,0
IT0087,MEIO TUBO DE CONCRETO D=40 CM,T,0,0
IT0088,"CONFECÇÃO DE TUBOS DE CONCRETO D=0,40M",T,0,0
IT0089,"CONFECÇÃO DE TUBOS DE CONCRETO D=0,40M AC/BC",T,0,0
IT0090,"CONFECÇÃO DE TUBOS DE CONCRETO D=0,30M",T,0,0
IT0091,"CONFECÇÃO DE TUBOS DE CONCRETO D=0,30M AC/BC",T,0,0
IT0092,"CANTONEIRA FERRO 2 1/2""X2 1/2""X3/8""",T,0,0
IT0093,FÔRMA COMUM DE MADEIRA,T,0,0
IT0094,"AÇO D=6,3 MM CA 25",T,0,0
IT0095,ARAME FARPADO Nº. 16 GALV. SIMPLES,T,0,0
IT0096,FABR. MOURÃO DE CONCR. ESTICADOR SEÇÃO QUAD. 15CM,T,0,0
IT0097,FABR. MOURÃO DE CONCRETO SUPORTE SEÇÃO QUAD. 11CM,T,0,0
IT0098,FABR. MOURÃO DE CONCR ESTICADOR SEÇÃO TRIANG. 15CM,T,0,0
IT0099,FABR. MOURÃO DE CONCR. SUPORTE SEÇÃO TRIANG. 11CM,T,0,0
IT0100,FABRIC.MOURÃO CONCR.ESTIC.SEÇÃO QUADR.15CM,T,0,0
IT0101,FABRIC.MOURÃO CONCR.SUPORTE SEÇÃO QUADR.11CM AC/BC,T,0,0
IT0102,FABRIC.MOURÃO CONCR.ESTIC.SEÇÃO TRIANG.15CM,T,0,0
IT0103,FABRIC.MOURÃO CONCR.SUPORTE SEC.TRIANG.11CM AC/BC,T,0,0
IT0104,"MOURÃO MADEIRA H=2,15 M D=9 CM",T,0,0
IT0105,"MOURÃO MADEIRA H=2,50 M D=12 CM",T,0,0
IT0106,ESC. E CARGA MATERIAL DE JAZIDA (CONSV),T,0,0
IT0107,AREIA EXTRAÍDA COM TRATOR E CARREGADEIRA,T,0,0
IT0108,EMULSÃO ASFÁLTICA RL-1C,T,0,0
IT0109,MISTURA AREIA-ASFALTO USINADA A FRIO,T,0,0
IT0110,MISTURA AREIA-ASFALTO USINADA A QUENTE,T,0,0
IT0111,MISTURA BETUMINOSA USINADA A FRIO,T,0,0
IT0112,MISTURA BETUMINOSA USINADA A QUENTE,T,0,0
IT0113,MATERIAL RETIRADO DA PISTA,T,0,0
IT0114,PEDRA DE MÃO PRODUZIDA MANUALMENTE (CONSV),T,0,0
IT0115,"CAIBROS DE 7,5 CM X 7,5 CM",T,0,0
IT0116,"TÁBUA DE 3ª 2,5 CM X 30,0 CM",T,0,0
IT0117,"GASTALHO 10 X 2,5 CM",T,0,0
IT0118,"ESTRUT.(TUNNEL LINER) D=1,2M GALV.",T,0,0
IT0119,"CONFECÇÃO DE TUBOS DE CONCRETO D=0,20M",T,0,0
IT0120,"CONFECÇÃO DE TUBOS DE CONCRETO D=0,20M AC/BC",T,0,0
IT0121,MISTURA BETUMINOSA,T,0,0
IT0122,MATERIAL DE BASE (CONSERV),T,0,0
IT0123,MATERIAL FRESADO,T,0,0
IT0124,FORNECIMENTO DE AÇO CA-60,T,0,0
IT0125,FORNECIMENTO DE AÇO CA-25,T,0,0
IT0126,ARAME RECOZIDO Nº. 18,T,0,0
IT0127,EMULSÃO POLIM. P/ MICRO-REV. A FRIO,T,0,0
IT0128,AGENTE REJUV. P/ RECICL. A QUENTE,T,0,0
IT0129,USINAGEM DE CBUQ P/ RECICLAGEM EM USINA FIXA.,T,0,0
IT0130,USINAGEM DE CBUQ P/ RECICLAGEM EM USINA FIXA BC,T,0,0
IT0131,CIMENTO PORTLAND CP II-32(A GRANEL),T,0,0
IT0132,BRITA CORRIDA,T,0,0
IT0133,PÓ DE PEDRA,T,0,0
IT0134,MATERIAL DEMOLIDO,T,0,0
IT0135,USINAGEM DE CBUQ C/ CAL HIDR. (CAPA DE ROLAMENTO),T,0,0
IT0136,USINAGEM DE CBUQ (CAPA DE ROLAM.) AC/BC C CAL HIDR,T,0,0
IT0137,TRANSP. LOCAL MATERIAL PARA REMENDOS,T,0,0
IT0138,TRANSPORTE LOCAL CBUQ C/ CAÇAMBA TÉRMICA,T,0,0
IT0139,"TUBO DE CONCR ARMADO D=0,60M PA-1",T,0,0
IT0140,"TUBO DE CONCR ARMADO D=0,80M PA-1",T,0,0
IT0141,"TUBO DE CONCR ARMADO D=1,00M PA-1",T,0,0
IT0142,"TUBO DE CONCR ARMADO D=1,20M PA-1",T,0,0
IT0143,"TUBO DE CONCR ARMADO D=1,50M PA-1",T,0,0
IT0144,"TUBO DE CONCR ARMADO D=0,60M PA-2",T,0,0
IT0145,"TUBO DE CONCR ARMADO D=0,80M PA-2",T,0,0
IT0146,"TUBO DE CONCR ARMADO D=1,00M PA-2",T,0,0
IT0147,"TUBO DE CONCR ARMADO D=1,20M PA-2",T,0,0
IT0148,"TUBO DE CONCR ARMADO D=1,50M PA-2",T,0,0
IT0149,"TUBO DE CONCR ARMADO D=0,60M PA-3",T,0,0
IT0150,"TUBO DE CONCR ARMADO D=0,80M PA-3",T,0,0
IT0151,"TUBO DE CONCR ARMADO D=1,00M PA-3",T,0,0
IT0152,"TUBO DE CONCR ARMADO D=1,20M PA-3",T,0,0
IT0153,"TUBO DE CONCR ARMADO D=1,50M PA-3",T,0,0
IT0154,"TUBO DE CONCR ARMADO D=0,60M PA-4",T,0,0
IT0155,"TUBO DE CONCR ARMADO D=0,80M PA-4",T,0,0
IT0156,"TUBO DE CONCR ARMADO D=1,00M PA-4",T,0,0
IT0157,"TUBO DE CONCR ARMADO D=1,20M PA-4",T,0,0
IT0158,"TUBO DE CONCR ARMADO D=1,50M PA-4",T,0,0
IT0159,USINAGEM DE AGREGADOS P/ MICRO-REVESTIMENTO,T,0,0
IT0160,USINAGEM DE AGREGADOS P/ MICRO-REVESTIMENTO BC,T,0,0
IV0001,PROD.VARIOS LOCALES,VA,1,
,,,,
,,,,
,,,,
IE,Macchine,,,
IH,Mano d'opera,,,
IM,Matetriali,,,
IN,????,,,
IT,????,,,
